"election_type","election_date","results_status","results_date","province_code","province_name_eng","province_name_dari","ballot_position","candidate_code","candidate_name_eng","candidate_name_dari","party_name_dari","candidate_gender","first_round_winner","run_off_winner","past_winners","male_ps_votes","fem_ps_votes","votes"
"PRESIDENTIAL","2014-04-05","FINAL","2014-05-15","01","KABUL","کابل",1,"100_1_1","Dr. Abdullah Abdullah","داکتر عبدا عبدا","جمعیت اسلمی افغانستان","M","YES","NO","NO",265593,123899,389584
"PRESIDENTIAL","2014-04-05","FINAL","2014-05-15","01","KABUL","کابل",2,"101_1_19","Mohammad Daoud Sultanzoy","محمد داود سلطان زوی","خپلواک/مستقل","M","NO","NO","NO",2022,1505,3530
"PRESIDENTIAL","2014-04-05","FINAL","2014-05-15","01","KABUL","کابل",3,"100_1_10","Abdul Rahim Wardak","عبدالرحیم وردک","خپلواک/مستقل","M","NO","NO","NO",211,118,329
"PRESIDENTIAL","2014-04-05","FINAL","2014-05-15","01","KABUL","کابل",4,"100_1_25","Abdul Qayum Karzai","عبدالقیوم کرزی","خپلواک/مستقل","M","NO","NO","NO",599,305,904
"PRESIDENTIAL","2014-04-05","FINAL","2014-05-15","01","KABUL","کابل",5,"101_1_13","Mohammad Ashraf Ghani Ahmadzai","محمد اشرف غنی احمدزی","خپلواک/مستقل","M","NO","YES","NO",182157,66060,248220
"PRESIDENTIAL","2014-04-05","FINAL","2014-05-15","01","KABUL","کابل",6,"101_1_16","Mohammad Nader Naeem","محمد نادر نعیم","خپلواک/مستقل","M","NO","NO","NO",505,333,838
"PRESIDENTIAL","2014-04-05","FINAL","2014-05-15","01","KABUL","کابل",7,"100_1_24","Zalmai Rasul","زلمی رسول","خپلواک/مستقل","M","NO","NO","NO",41295,23513,64811
"PRESIDENTIAL","2014-04-05","FINAL","2014-05-15","01","KABUL","کابل",8,"100_1_7","Eng. Qutbudin Hilal","انجنیر قطب الدین هلل","خپلواک/مستقل","M","NO","NO","NO",11858,2550,14408
"PRESIDENTIAL","2014-04-05","FINAL","2014-05-15","01","KABUL","کابل",9,"100_1_28","Mohammad Sahfiq Gul Agha Sherzai","محمد شفیق گل آغا شیرزی","خپلواک/مستقل","M","NO","NO","NO",2797,1165,3962
"PRESIDENTIAL","2014-04-05","FINAL","2014-05-15","01","KABUL","کابل",10,"100_1_4","Abdul Rab Rasul Sayaf","پروفیسور عبدرب الرسول سیاف","خپلواک/مستقل","M","NO","NO","NO",48225,10882,59107
"PRESIDENTIAL","2014-04-05","FINAL","2014-05-15","01","KABUL","کابل",11,"100_1_37","Hedayat Amin Arsala","هدایت امین ارسل","خپلواک/مستقل","M","NO","NO","NO",1004,460,1466
"PRESIDENTIAL","2014-04-05","FINAL","2014-05-15","02","KAPISA","کاپیسا",1,"100_1_1","Dr. Abdullah Abdullah","داکتر عبدا عبدا","جمعیت اسلمی افغانستان","M","YES","NO","NO",34490,18054,52544
"PRESIDENTIAL","2014-04-05","FINAL","2014-05-15","02","KAPISA","کاپیسا",2,"101_1_19","Mohammad Daoud Sultanzoy","محمد داود سلطان زوی","خپلواک/مستقل","M","NO","NO","NO",109,95,204
"PRESIDENTIAL","2014-04-05","FINAL","2014-05-15","02","KAPISA","کاپیسا",3,"100_1_10","Abdul Rahim Wardak","عبدالرحیم وردک","خپلواک/مستقل","M","NO","NO","NO",12,9,21
"PRESIDENTIAL","2014-04-05","FINAL","2014-05-15","02","KAPISA","کاپیسا",4,"100_1_25","Abdul Qayum Karzai","عبدالقیوم کرزی","خپلواک/مستقل","M","NO","NO","NO",25,16,41
"PRESIDENTIAL","2014-04-05","FINAL","2014-05-15","02","KAPISA","کاپیسا",5,"101_1_13","Mohammad Ashraf Ghani Ahmadzai","محمد اشرف غنی احمدزی","خپلواک/مستقل","M","NO","YES","NO",2157,588,2745
"PRESIDENTIAL","2014-04-05","FINAL","2014-05-15","02","KAPISA","کاپیسا",6,"101_1_16","Mohammad Nader Naeem","محمد نادر نعیم","خپلواک/مستقل","M","NO","NO","NO",21,13,34
"PRESIDENTIAL","2014-04-05","FINAL","2014-05-15","02","KAPISA","کاپیسا",7,"100_1_24","Zalmai Rasul","زلمی رسول","خپلواک/مستقل","M","NO","NO","NO",2159,1586,3745
"PRESIDENTIAL","2014-04-05","FINAL","2014-05-15","02","KAPISA","کاپیسا",8,"100_1_7","Eng. Qutbudin Hilal","انجنیر قطب الدین هلل","خپلواک/مستقل","M","NO","NO","NO",2702,661,3363
"PRESIDENTIAL","2014-04-05","FINAL","2014-05-15","02","KAPISA","کاپیسا",9,"100_1_28","Mohammad Sahfiq Gul Agha Sherzai","محمد شفیق گل آغا شیرزی","خپلواک/مستقل","M","NO","NO","NO",89,19,108
"PRESIDENTIAL","2014-04-05","FINAL","2014-05-15","02","KAPISA","کاپیسا",10,"100_1_4","Abdul Rab Rasul Sayaf","پروفیسور عبدرب الرسول سیاف","خپلواک/مستقل","M","NO","NO","NO",2966,859,3825
"PRESIDENTIAL","2014-04-05","FINAL","2014-05-15","02","KAPISA","کاپیسا",11,"100_1_37","Hedayat Amin Arsala","هدایت امین ارسل","خپلواک/مستقل","M","NO","NO","NO",109,27,136
"PRESIDENTIAL","2014-04-05","FINAL","2014-05-15","03","PARWAN","پروان",1,"100_1_1","Dr. Abdullah Abdullah","داکتر عبدا عبدا","جمعیت اسلمی افغانستان","M","YES","NO","NO",75317,32081,107478
"PRESIDENTIAL","2014-04-05","FINAL","2014-05-15","03","PARWAN","پروان",2,"101_1_19","Mohammad Daoud Sultanzoy","محمد داود سلطان زوی","خپلواک/مستقل","M","NO","NO","NO",649,350,1001
"PRESIDENTIAL","2014-04-05","FINAL","2014-05-15","03","PARWAN","پروان",3,"100_1_10","Abdul Rahim Wardak","عبدالرحیم وردک","خپلواک/مستقل","M","NO","NO","NO",38,40,78
"PRESIDENTIAL","2014-04-05","FINAL","2014-05-15","03","PARWAN","پروان",4,"100_1_25","Abdul Qayum Karzai","عبدالقیوم کرزی","خپلواک/مستقل","M","NO","NO","NO",66,33,99
"PRESIDENTIAL","2014-04-05","FINAL","2014-05-15","03","PARWAN","پروان",5,"101_1_13","Mohammad Ashraf Ghani Ahmadzai","محمد اشرف غنی احمدزی","خپلواک/مستقل","M","NO","YES","NO",6762,1629,8395
"PRESIDENTIAL","2014-04-05","FINAL","2014-05-15","03","PARWAN","پروان",6,"101_1_16","Mohammad Nader Naeem","محمد نادر نعیم","خپلواک/مستقل","M","NO","NO","NO",73,51,124
"PRESIDENTIAL","2014-04-05","FINAL","2014-05-15","03","PARWAN","پروان",7,"100_1_24","Zalmai Rasul","زلمی رسول","خپلواک/مستقل","M","NO","NO","NO",10612,5194,15815
"PRESIDENTIAL","2014-04-05","FINAL","2014-05-15","03","PARWAN","پروان",8,"100_1_7","Eng. Qutbudin Hilal","انجنیر قطب الدین هلل","خپلواک/مستقل","M","NO","NO","NO",5913,1352,7268
"PRESIDENTIAL","2014-04-05","FINAL","2014-05-15","03","PARWAN","پروان",9,"100_1_28","Mohammad Sahfiq Gul Agha Sherzai","محمد شفیق گل آغا شیرزی","خپلواک/مستقل","M","NO","NO","NO",289,99,388
"PRESIDENTIAL","2014-04-05","FINAL","2014-05-15","03","PARWAN","پروان",10,"100_1_4","Abdul Rab Rasul Sayaf","پروفیسور عبدرب الرسول سیاف","خپلواک/مستقل","M","NO","NO","NO",6766,2425,9191
"PRESIDENTIAL","2014-04-05","FINAL","2014-05-15","03","PARWAN","پروان",11,"100_1_37","Hedayat Amin Arsala","هدایت امین ارسل","خپلواک/مستقل","M","NO","NO","NO",130,35,165
"PRESIDENTIAL","2014-04-05","FINAL","2014-05-15","04","WARDAK","وردک",1,"100_1_1","Dr. Abdullah Abdullah","داکتر عبدا عبدا","جمعیت اسلمی افغانستان","M","YES","NO","NO",22700,13553,36253
"PRESIDENTIAL","2014-04-05","FINAL","2014-05-15","04","WARDAK","وردک",2,"101_1_19","Mohammad Daoud Sultanzoy","محمد داود سلطان زوی","خپلواک/مستقل","M","NO","NO","NO",446,146,592
"PRESIDENTIAL","2014-04-05","FINAL","2014-05-15","04","WARDAK","وردک",3,"100_1_10","Abdul Rahim Wardak","عبدالرحیم وردک","خپلواک/مستقل","M","NO","NO","NO",386,167,553
"PRESIDENTIAL","2014-04-05","FINAL","2014-05-15","04","WARDAK","وردک",4,"100_1_25","Abdul Qayum Karzai","عبدالقیوم کرزی","خپلواک/مستقل","M","NO","NO","NO",103,182,285
"PRESIDENTIAL","2014-04-05","FINAL","2014-05-15","04","WARDAK","وردک",5,"101_1_13","Mohammad Ashraf Ghani Ahmadzai","محمد اشرف غنی احمدزی","خپلواک/مستقل","M","NO","YES","NO",11929,3135,15064
"PRESIDENTIAL","2014-04-05","FINAL","2014-05-15","04","WARDAK","وردک",6,"101_1_16","Mohammad Nader Naeem","محمد نادر نعیم","خپلواک/مستقل","M","NO","NO","NO",63,63,126
"PRESIDENTIAL","2014-04-05","FINAL","2014-05-15","04","WARDAK","وردک",7,"100_1_24","Zalmai Rasul","زلمی رسول","خپلواک/مستقل","M","NO","NO","NO",12918,3774,16692
"PRESIDENTIAL","2014-04-05","FINAL","2014-05-15","04","WARDAK","وردک",8,"100_1_7","Eng. Qutbudin Hilal","انجنیر قطب الدین هلل","خپلواک/مستقل","M","NO","NO","NO",3952,1058,5010
"PRESIDENTIAL","2014-04-05","FINAL","2014-05-15","04","WARDAK","وردک",9,"100_1_28","Mohammad Sahfiq Gul Agha Sherzai","محمد شفیق گل آغا شیرزی","خپلواک/مستقل","M","NO","NO","NO",796,351,1147
"PRESIDENTIAL","2014-04-05","FINAL","2014-05-15","04","WARDAK","وردک",10,"100_1_4","Abdul Rab Rasul Sayaf","پروفیسور عبدرب الرسول سیاف","خپلواک/مستقل","M","NO","NO","NO",19676,4883,24559
"PRESIDENTIAL","2014-04-05","FINAL","2014-05-15","04","WARDAK","وردک",11,"100_1_37","Hedayat Amin Arsala","هدایت امین ارسل","خپلواک/مستقل","M","NO","NO","NO",236,133,369
"PRESIDENTIAL","2014-04-05","FINAL","2014-05-15","05","LOGAR","لوگر",1,"100_1_1","Dr. Abdullah Abdullah","داکتر عبدا عبدا","جمعیت اسلمی افغانستان","M","YES","NO","NO",4572,1597,6169
"PRESIDENTIAL","2014-04-05","FINAL","2014-05-15","05","LOGAR","لوگر",2,"101_1_19","Mohammad Daoud Sultanzoy","محمد داود سلطان زوی","خپلواک/مستقل","M","NO","NO","NO",267,30,297
"PRESIDENTIAL","2014-04-05","FINAL","2014-05-15","05","LOGAR","لوگر",3,"100_1_10","Abdul Rahim Wardak","عبدالرحیم وردک","خپلواک/مستقل","M","NO","NO","NO",26,3,29
"PRESIDENTIAL","2014-04-05","FINAL","2014-05-15","05","LOGAR","لوگر",4,"100_1_25","Abdul Qayum Karzai","عبدالقیوم کرزی","خپلواک/مستقل","M","NO","NO","NO",27,10,37
"PRESIDENTIAL","2014-04-05","FINAL","2014-05-15","05","LOGAR","لوگر",5,"101_1_13","Mohammad Ashraf Ghani Ahmadzai","محمد اشرف غنی احمدزی","خپلواک/مستقل","M","NO","YES","NO",17568,3385,20953
"PRESIDENTIAL","2014-04-05","FINAL","2014-05-15","05","LOGAR","لوگر",6,"101_1_16","Mohammad Nader Naeem","محمد نادر نعیم","خپلواک/مستقل","M","NO","NO","NO",118,5,123
"PRESIDENTIAL","2014-04-05","FINAL","2014-05-15","05","LOGAR","لوگر",7,"100_1_24","Zalmai Rasul","زلمی رسول","خپلواک/مستقل","M","NO","NO","NO",616,182,798
"PRESIDENTIAL","2014-04-05","FINAL","2014-05-15","05","LOGAR","لوگر",8,"100_1_7","Eng. Qutbudin Hilal","انجنیر قطب الدین هلل","خپلواک/مستقل","M","NO","NO","NO",761,115,876
"PRESIDENTIAL","2014-04-05","FINAL","2014-05-15","05","LOGAR","لوگر",9,"100_1_28","Mohammad Sahfiq Gul Agha Sherzai","محمد شفیق گل آغا شیرزی","خپلواک/مستقل","M","NO","NO","NO",160,23,183
"PRESIDENTIAL","2014-04-05","FINAL","2014-05-15","05","LOGAR","لوگر",10,"100_1_4","Abdul Rab Rasul Sayaf","پروفیسور عبدرب الرسول سیاف","خپلواک/مستقل","M","NO","NO","NO",3333,388,3721
"PRESIDENTIAL","2014-04-05","FINAL","2014-05-15","05","LOGAR","لوگر",11,"100_1_37","Hedayat Amin Arsala","هدایت امین ارسل","خپلواک/مستقل","M","NO","NO","NO",71,5,76
"PRESIDENTIAL","2014-04-05","FINAL","2014-05-15","06","NANGARHAR","ننگرهار",1,"100_1_1","Dr. Abdullah Abdullah","داکتر عبدا عبدا","جمعیت اسلمی افغانستان","M","YES","NO","NO",39888,23801,63689
"PRESIDENTIAL","2014-04-05","FINAL","2014-05-15","06","NANGARHAR","ننگرهار",2,"101_1_19","Mohammad Daoud Sultanzoy","محمد داود سلطان زوی","خپلواک/مستقل","M","NO","NO","NO",441,591,1032
"PRESIDENTIAL","2014-04-05","FINAL","2014-05-15","06","NANGARHAR","ننگرهار",3,"100_1_10","Abdul Rahim Wardak","عبدالرحیم وردک","خپلواک/مستقل","M","NO","NO","NO",121,66,187
"PRESIDENTIAL","2014-04-05","FINAL","2014-05-15","06","NANGARHAR","ننگرهار",4,"100_1_25","Abdul Qayum Karzai","عبدالقیوم کرزی","خپلواک/مستقل","M","NO","NO","NO",330,340,670
"PRESIDENTIAL","2014-04-05","FINAL","2014-05-15","06","NANGARHAR","ننگرهار",5,"101_1_13","Mohammad Ashraf Ghani Ahmadzai","محمد اشرف غنی احمدزی","خپلواک/مستقل","M","NO","YES","NO",133553,66856,200409
"PRESIDENTIAL","2014-04-05","FINAL","2014-05-15","06","NANGARHAR","ننگرهار",6,"101_1_16","Mohammad Nader Naeem","محمد نادر نعیم","خپلواک/مستقل","M","NO","NO","NO",264,272,536
"PRESIDENTIAL","2014-04-05","FINAL","2014-05-15","06","NANGARHAR","ننگرهار",7,"100_1_24","Zalmai Rasul","زلمی رسول","خپلواک/مستقل","M","NO","NO","NO",16759,8488,25247
"PRESIDENTIAL","2014-04-05","FINAL","2014-05-15","06","NANGARHAR","ننگرهار",8,"100_1_7","Eng. Qutbudin Hilal","انجنیر قطب الدین هلل","خپلواک/مستقل","M","NO","NO","NO",11981,4427,16408
"PRESIDENTIAL","2014-04-05","FINAL","2014-05-15","06","NANGARHAR","ننگرهار",9,"100_1_28","Mohammad Sahfiq Gul Agha Sherzai","محمد شفیق گل آغا شیرزی","خپلواک/مستقل","M","NO","NO","NO",2259,1174,3433
"PRESIDENTIAL","2014-04-05","FINAL","2014-05-15","06","NANGARHAR","ننگرهار",10,"100_1_4","Abdul Rab Rasul Sayaf","پروفیسور عبدرب الرسول سیاف","خپلواک/مستقل","M","NO","NO","NO",14833,9208,24041
"PRESIDENTIAL","2014-04-05","FINAL","2014-05-15","06","NANGARHAR","ننگرهار",11,"100_1_37","Hedayat Amin Arsala","هدایت امین ارسل","خپلواک/مستقل","M","NO","NO","NO",681,195,876
"PRESIDENTIAL","2014-04-05","FINAL","2014-05-15","07","LAGHMAN","لغمان",1,"100_1_1","Dr. Abdullah Abdullah","داکتر عبدا عبدا","جمعیت اسلمی افغانستان","M","YES","NO","NO",7005,1490,8495
"PRESIDENTIAL","2014-04-05","FINAL","2014-05-15","07","LAGHMAN","لغمان",2,"101_1_19","Mohammad Daoud Sultanzoy","محمد داود سلطان زوی","خپلواک/مستقل","M","NO","NO","NO",95,39,134
"PRESIDENTIAL","2014-04-05","FINAL","2014-05-15","07","LAGHMAN","لغمان",3,"100_1_10","Abdul Rahim Wardak","عبدالرحیم وردک","خپلواک/مستقل","M","NO","NO","NO",28,19,47
"PRESIDENTIAL","2014-04-05","FINAL","2014-05-15","07","LAGHMAN","لغمان",4,"100_1_25","Abdul Qayum Karzai","عبدالقیوم کرزی","خپلواک/مستقل","M","NO","NO","NO",111,50,161
"PRESIDENTIAL","2014-04-05","FINAL","2014-05-15","07","LAGHMAN","لغمان",5,"101_1_13","Mohammad Ashraf Ghani Ahmadzai","محمد اشرف غنی احمدزی","خپلواک/مستقل","M","NO","YES","NO",30474,10199,40673
"PRESIDENTIAL","2014-04-05","FINAL","2014-05-15","07","LAGHMAN","لغمان",6,"101_1_16","Mohammad Nader Naeem","محمد نادر نعیم","خپلواک/مستقل","M","NO","NO","NO",94,252,346
"PRESIDENTIAL","2014-04-05","FINAL","2014-05-15","07","LAGHMAN","لغمان",7,"100_1_24","Zalmai Rasul","زلمی رسول","خپلواک/مستقل","M","NO","NO","NO",5693,1941,7634
"PRESIDENTIAL","2014-04-05","FINAL","2014-05-15","07","LAGHMAN","لغمان",8,"100_1_7","Eng. Qutbudin Hilal","انجنیر قطب الدین هلل","خپلواک/مستقل","M","NO","NO","NO",13506,2715,16221
"PRESIDENTIAL","2014-04-05","FINAL","2014-05-15","07","LAGHMAN","لغمان",9,"100_1_28","Mohammad Sahfiq Gul Agha Sherzai","محمد شفیق گل آغا شیرزی","خپلواک/مستقل","M","NO","NO","NO",225,95,320
"PRESIDENTIAL","2014-04-05","FINAL","2014-05-15","07","LAGHMAN","لغمان",10,"100_1_4","Abdul Rab Rasul Sayaf","پروفیسور عبدرب الرسول سیاف","خپلواک/مستقل","M","NO","NO","NO",5562,2534,8096
"PRESIDENTIAL","2014-04-05","FINAL","2014-05-15","07","LAGHMAN","لغمان",11,"100_1_37","Hedayat Amin Arsala","هدایت امین ارسل","خپلواک/مستقل","M","NO","NO","NO",66,8,74
"PRESIDENTIAL","2014-04-05","FINAL","2014-05-15","08","PANJSHIR","پنجشیر",1,"100_1_1","Dr. Abdullah Abdullah","داکتر عبدا عبدا","جمعیت اسلمی افغانستان","M","YES","NO","NO",24741,13184,37925
"PRESIDENTIAL","2014-04-05","FINAL","2014-05-15","08","PANJSHIR","پنجشیر",2,"101_1_19","Mohammad Daoud Sultanzoy","محمد داود سلطان زوی","خپلواک/مستقل","M","NO","NO","NO",82,59,141
"PRESIDENTIAL","2014-04-05","FINAL","2014-05-15","08","PANJSHIR","پنجشیر",3,"100_1_10","Abdul Rahim Wardak","عبدالرحیم وردک","خپلواک/مستقل","M","NO","NO","NO",14,5,19
"PRESIDENTIAL","2014-04-05","FINAL","2014-05-15","08","PANJSHIR","پنجشیر",4,"100_1_25","Abdul Qayum Karzai","عبدالقیوم کرزی","خپلواک/مستقل","M","NO","NO","NO",5,5,10
"PRESIDENTIAL","2014-04-05","FINAL","2014-05-15","08","PANJSHIR","پنجشیر",5,"101_1_13","Mohammad Ashraf Ghani Ahmadzai","محمد اشرف غنی احمدزی","خپلواک/مستقل","M","NO","YES","NO",150,16,166
"PRESIDENTIAL","2014-04-05","FINAL","2014-05-15","08","PANJSHIR","پنجشیر",6,"101_1_16","Mohammad Nader Naeem","محمد نادر نعیم","خپلواک/مستقل","M","NO","NO","NO",6,9,15
"PRESIDENTIAL","2014-04-05","FINAL","2014-05-15","08","PANJSHIR","پنجشیر",7,"100_1_24","Zalmai Rasul","زلمی رسول","خپلواک/مستقل","M","NO","NO","NO",2534,1584,4118
"PRESIDENTIAL","2014-04-05","FINAL","2014-05-15","08","PANJSHIR","پنجشیر",8,"100_1_7","Eng. Qutbudin Hilal","انجنیر قطب الدین هلل","خپلواک/مستقل","M","NO","NO","NO",91,24,115
"PRESIDENTIAL","2014-04-05","FINAL","2014-05-15","08","PANJSHIR","پنجشیر",9,"100_1_28","Mohammad Sahfiq Gul Agha Sherzai","محمد شفیق گل آغا شیرزی","خپلواک/مستقل","M","NO","NO","NO",19,2,21
"PRESIDENTIAL","2014-04-05","FINAL","2014-05-15","08","PANJSHIR","پنجشیر",10,"100_1_4","Abdul Rab Rasul Sayaf","پروفیسور عبدرب الرسول سیاف","خپلواک/مستقل","M","NO","NO","NO",820,126,946
"PRESIDENTIAL","2014-04-05","FINAL","2014-05-15","08","PANJSHIR","پنجشیر",11,"100_1_37","Hedayat Amin Arsala","هدایت امین ارسل","خپلواک/مستقل","M","NO","NO","NO",11,4,15
"PRESIDENTIAL","2014-04-05","FINAL","2014-05-15","09","BAGHLAN","بغلان",1,"100_1_1","Dr. Abdullah Abdullah","داکتر عبدا عبدا","جمعیت اسلمی افغانستان","M","YES","NO","NO",114956,37604,152560
"PRESIDENTIAL","2014-04-05","FINAL","2014-05-15","09","BAGHLAN","بغلان",2,"101_1_19","Mohammad Daoud Sultanzoy","محمد داود سلطان زوی","خپلواک/مستقل","M","NO","NO","NO",661,243,904
"PRESIDENTIAL","2014-04-05","FINAL","2014-05-15","09","BAGHLAN","بغلان",3,"100_1_10","Abdul Rahim Wardak","عبدالرحیم وردک","خپلواک/مستقل","M","NO","NO","NO",179,34,213
"PRESIDENTIAL","2014-04-05","FINAL","2014-05-15","09","BAGHLAN","بغلان",4,"100_1_25","Abdul Qayum Karzai","عبدالقیوم کرزی","خپلواک/مستقل","M","NO","NO","NO",226,73,299
"PRESIDENTIAL","2014-04-05","FINAL","2014-05-15","09","BAGHLAN","بغلان",5,"101_1_13","Mohammad Ashraf Ghani Ahmadzai","محمد اشرف غنی احمدزی","خپلواک/مستقل","M","NO","YES","NO",41862,10091,51953
"PRESIDENTIAL","2014-04-05","FINAL","2014-05-15","09","BAGHLAN","بغلان",6,"101_1_16","Mohammad Nader Naeem","محمد نادر نعیم","خپلواک/مستقل","M","NO","NO","NO",191,76,267
"PRESIDENTIAL","2014-04-05","FINAL","2014-05-15","09","BAGHLAN","بغلان",7,"100_1_24","Zalmai Rasul","زلمی رسول","خپلواک/مستقل","M","NO","NO","NO",20050,8330,28380
"PRESIDENTIAL","2014-04-05","FINAL","2014-05-15","09","BAGHLAN","بغلان",8,"100_1_7","Eng. Qutbudin Hilal","انجنیر قطب الدین هلل","خپلواک/مستقل","M","NO","NO","NO",6237,1323,7560
"PRESIDENTIAL","2014-04-05","FINAL","2014-05-15","09","BAGHLAN","بغلان",9,"100_1_28","Mohammad Sahfiq Gul Agha Sherzai","محمد شفیق گل آغا شیرزی","خپلواک/مستقل","M","NO","NO","NO",1435,482,1917
"PRESIDENTIAL","2014-04-05","FINAL","2014-05-15","09","BAGHLAN","بغلان",10,"100_1_4","Abdul Rab Rasul Sayaf","پروفیسور عبدرب الرسول سیاف","خپلواک/مستقل","M","NO","NO","NO",8144,1889,10033
"PRESIDENTIAL","2014-04-05","FINAL","2014-05-15","09","BAGHLAN","بغلان",11,"100_1_37","Hedayat Amin Arsala","هدایت امین ارسل","خپلواک/مستقل","M","NO","NO","NO",323,51,374
"PRESIDENTIAL","2014-04-05","FINAL","2014-05-15","10","BAMIYAN","بامیان",1,"100_1_1","Dr. Abdullah Abdullah","داکتر عبدا عبدا","جمعیت اسلمی افغانستان","M","YES","NO","NO",64328,48996,113324
"PRESIDENTIAL","2014-04-05","FINAL","2014-05-15","10","BAMIYAN","بامیان",2,"101_1_19","Mohammad Daoud Sultanzoy","محمد داود سلطان زوی","خپلواک/مستقل","M","NO","NO","NO",394,613,1007
"PRESIDENTIAL","2014-04-05","FINAL","2014-05-15","10","BAMIYAN","بامیان",3,"100_1_10","Abdul Rahim Wardak","عبدالرحیم وردک","خپلواک/مستقل","M","NO","NO","NO",111,161,272
"PRESIDENTIAL","2014-04-05","FINAL","2014-05-15","10","BAMIYAN","بامیان",4,"100_1_25","Abdul Qayum Karzai","عبدالقیوم کرزی","خپلواک/مستقل","M","NO","NO","NO",146,245,391
"PRESIDENTIAL","2014-04-05","FINAL","2014-05-15","10","BAMIYAN","بامیان",5,"101_1_13","Mohammad Ashraf Ghani Ahmadzai","محمد اشرف غنی احمدزی","خپلواک/مستقل","M","NO","YES","NO",10494,7933,18427
"PRESIDENTIAL","2014-04-05","FINAL","2014-05-15","10","BAMIYAN","بامیان",6,"101_1_16","Mohammad Nader Naeem","محمد نادر نعیم","خپلواک/مستقل","M","NO","NO","NO",107,196,303
"PRESIDENTIAL","2014-04-05","FINAL","2014-05-15","10","BAMIYAN","بامیان",7,"100_1_24","Zalmai Rasul","زلمی رسول","خپلواک/مستقل","M","NO","NO","NO",11049,9671,20720
"PRESIDENTIAL","2014-04-05","FINAL","2014-05-15","10","BAMIYAN","بامیان",8,"100_1_7","Eng. Qutbudin Hilal","انجنیر قطب الدین هلل","خپلواک/مستقل","M","NO","NO","NO",182,177,359
"PRESIDENTIAL","2014-04-05","FINAL","2014-05-15","10","BAMIYAN","بامیان",9,"100_1_28","Mohammad Sahfiq Gul Agha Sherzai","محمد شفیق گل آغا شیرزی","خپلواک/مستقل","M","NO","NO","NO",2773,1962,4735
"PRESIDENTIAL","2014-04-05","FINAL","2014-05-15","10","BAMIYAN","بامیان",10,"100_1_4","Abdul Rab Rasul Sayaf","پروفیسور عبدرب الرسول سیاف","خپلواک/مستقل","M","NO","NO","NO",4165,3530,7695
"PRESIDENTIAL","2014-04-05","FINAL","2014-05-15","10","BAMIYAN","بامیان",11,"100_1_37","Hedayat Amin Arsala","هدایت امین ارسل","خپلواک/مستقل","M","NO","NO","NO",213,348,561
"PRESIDENTIAL","2014-04-05","FINAL","2014-05-15","11","GHAZNI","غزنی",1,"100_1_1","Dr. Abdullah Abdullah","داکتر عبدا عبدا","جمعیت اسلمی افغانستان","M","YES","NO","NO",125392,68872,194264
"PRESIDENTIAL","2014-04-05","FINAL","2014-05-15","11","GHAZNI","غزنی",2,"101_1_19","Mohammad Daoud Sultanzoy","محمد داود سلطان زوی","خپلواک/مستقل","M","NO","NO","NO",1146,617,1763
"PRESIDENTIAL","2014-04-05","FINAL","2014-05-15","11","GHAZNI","غزنی",3,"100_1_10","Abdul Rahim Wardak","عبدالرحیم وردک","خپلواک/مستقل","M","NO","NO","NO",95,66,161
"PRESIDENTIAL","2014-04-05","FINAL","2014-05-15","11","GHAZNI","غزنی",4,"100_1_25","Abdul Qayum Karzai","عبدالقیوم کرزی","خپلواک/مستقل","M","NO","NO","NO",289,129,418
"PRESIDENTIAL","2014-04-05","FINAL","2014-05-15","11","GHAZNI","غزنی",5,"101_1_13","Mohammad Ashraf Ghani Ahmadzai","محمد اشرف غنی احمدزی","خپلواک/مستقل","M","NO","YES","NO",45941,22387,68328
"PRESIDENTIAL","2014-04-05","FINAL","2014-05-15","11","GHAZNI","غزنی",6,"101_1_16","Mohammad Nader Naeem","محمد نادر نعیم","خپلواک/مستقل","M","NO","NO","NO",233,236,469
"PRESIDENTIAL","2014-04-05","FINAL","2014-05-15","11","GHAZNI","غزنی",7,"100_1_24","Zalmai Rasul","زلمی رسول","خپلواک/مستقل","M","NO","NO","NO",39565,21219,60784
"PRESIDENTIAL","2014-04-05","FINAL","2014-05-15","11","GHAZNI","غزنی",8,"100_1_7","Eng. Qutbudin Hilal","انجنیر قطب الدین هلل","خپلواک/مستقل","M","NO","NO","NO",4241,1942,6183
"PRESIDENTIAL","2014-04-05","FINAL","2014-05-15","11","GHAZNI","غزنی",9,"100_1_28","Mohammad Sahfiq Gul Agha Sherzai","محمد شفیق گل آغا شیرزی","خپلواک/مستقل","M","NO","NO","NO",3462,1788,5250
"PRESIDENTIAL","2014-04-05","FINAL","2014-05-15","11","GHAZNI","غزنی",10,"100_1_4","Abdul Rab Rasul Sayaf","پروفیسور عبدرب الرسول سیاف","خپلواک/مستقل","M","NO","NO","NO",14785,7755,22540
"PRESIDENTIAL","2014-04-05","FINAL","2014-05-15","11","GHAZNI","غزنی",11,"100_1_37","Hedayat Amin Arsala","هدایت امین ارسل","خپلواک/مستقل","M","NO","NO","NO",318,277,595
"PRESIDENTIAL","2014-04-05","FINAL","2014-05-15","12","PAKTIKA","پکتیکا",1,"100_1_1","Dr. Abdullah Abdullah","داکتر عبدا عبدا","جمعیت اسلمی افغانستان","M","YES","NO","NO",12149,6948,19097
"PRESIDENTIAL","2014-04-05","FINAL","2014-05-15","12","PAKTIKA","پکتیکا",2,"101_1_19","Mohammad Daoud Sultanzoy","محمد داود سلطان زوی","خپلواک/مستقل","M","NO","NO","NO",263,129,392
"PRESIDENTIAL","2014-04-05","FINAL","2014-05-15","12","PAKTIKA","پکتیکا",3,"100_1_10","Abdul Rahim Wardak","عبدالرحیم وردک","خپلواک/مستقل","M","NO","NO","NO",109,28,137
"PRESIDENTIAL","2014-04-05","FINAL","2014-05-15","12","PAKTIKA","پکتیکا",4,"100_1_25","Abdul Qayum Karzai","عبدالقیوم کرزی","خپلواک/مستقل","M","NO","NO","NO",751,120,871
"PRESIDENTIAL","2014-04-05","FINAL","2014-05-15","12","PAKTIKA","پکتیکا",5,"101_1_13","Mohammad Ashraf Ghani Ahmadzai","محمد اشرف غنی احمدزی","خپلواک/مستقل","M","NO","YES","NO",75521,42568,118089
"PRESIDENTIAL","2014-04-05","FINAL","2014-05-15","12","PAKTIKA","پکتیکا",6,"101_1_16","Mohammad Nader Naeem","محمد نادر نعیم","خپلواک/مستقل","M","NO","NO","NO",453,95,548
"PRESIDENTIAL","2014-04-05","FINAL","2014-05-15","12","PAKTIKA","پکتیکا",7,"100_1_24","Zalmai Rasul","زلمی رسول","خپلواک/مستقل","M","NO","NO","NO",18093,8574,26667
"PRESIDENTIAL","2014-04-05","FINAL","2014-05-15","12","PAKTIKA","پکتیکا",8,"100_1_7","Eng. Qutbudin Hilal","انجنیر قطب الدین هلل","خپلواک/مستقل","M","NO","NO","NO",5968,3873,9841
"PRESIDENTIAL","2014-04-05","FINAL","2014-05-15","12","PAKTIKA","پکتیکا",9,"100_1_28","Mohammad Sahfiq Gul Agha Sherzai","محمد شفیق گل آغا شیرزی","خپلواک/مستقل","M","NO","NO","NO",823,373,1196
"PRESIDENTIAL","2014-04-05","FINAL","2014-05-15","12","PAKTIKA","پکتیکا",10,"100_1_4","Abdul Rab Rasul Sayaf","پروفیسور عبدرب الرسول سیاف","خپلواک/مستقل","M","NO","NO","NO",3464,2166,5630
"PRESIDENTIAL","2014-04-05","FINAL","2014-05-15","12","PAKTIKA","پکتیکا",11,"100_1_37","Hedayat Amin Arsala","هدایت امین ارسل","خپلواک/مستقل","M","NO","NO","NO",121,46,167
"PRESIDENTIAL","2014-04-05","FINAL","2014-05-15","13","PAKTIA","پکتیا",1,"100_1_1","Dr. Abdullah Abdullah","داکتر عبدا عبدا","جمعیت اسلمی افغانستان","M","YES","NO","NO",9332,4278,13610
"PRESIDENTIAL","2014-04-05","FINAL","2014-05-15","13","PAKTIA","پکتیا",2,"101_1_19","Mohammad Daoud Sultanzoy","محمد داود سلطان زوی","خپلواک/مستقل","M","NO","NO","NO",560,177,737
"PRESIDENTIAL","2014-04-05","FINAL","2014-05-15","13","PAKTIA","پکتیا",3,"100_1_10","Abdul Rahim Wardak","عبدالرحیم وردک","خپلواک/مستقل","M","NO","NO","NO",40,24,64
"PRESIDENTIAL","2014-04-05","FINAL","2014-05-15","13","PAKTIA","پکتیا",4,"100_1_25","Abdul Qayum Karzai","عبدالقیوم کرزی","خپلواک/مستقل","M","NO","NO","NO",249,132,381
"PRESIDENTIAL","2014-04-05","FINAL","2014-05-15","13","PAKTIA","پکتیا",5,"101_1_13","Mohammad Ashraf Ghani Ahmadzai","محمد اشرف غنی احمدزی","خپلواک/مستقل","M","NO","YES","NO",101930,55896,157826
"PRESIDENTIAL","2014-04-05","FINAL","2014-05-15","13","PAKTIA","پکتیا",6,"101_1_16","Mohammad Nader Naeem","محمد نادر نعیم","خپلواک/مستقل","M","NO","NO","NO",147,79,226
"PRESIDENTIAL","2014-04-05","FINAL","2014-05-15","13","PAKTIA","پکتیا",7,"100_1_24","Zalmai Rasul","زلمی رسول","خپلواک/مستقل","M","NO","NO","NO",10979,7934,18913
"PRESIDENTIAL","2014-04-05","FINAL","2014-05-15","13","PAKTIA","پکتیا",8,"100_1_7","Eng. Qutbudin Hilal","انجنیر قطب الدین هلل","خپلواک/مستقل","M","NO","NO","NO",16599,8946,25545
"PRESIDENTIAL","2014-04-05","FINAL","2014-05-15","13","PAKTIA","پکتیا",9,"100_1_28","Mohammad Sahfiq Gul Agha Sherzai","محمد شفیق گل آغا شیرزی","خپلواک/مستقل","M","NO","NO","NO",953,542,1495
"PRESIDENTIAL","2014-04-05","FINAL","2014-05-15","13","PAKTIA","پکتیا",10,"100_1_4","Abdul Rab Rasul Sayaf","پروفیسور عبدرب الرسول سیاف","خپلواک/مستقل","M","NO","NO","NO",22777,12070,34847
"PRESIDENTIAL","2014-04-05","FINAL","2014-05-15","13","PAKTIA","پکتیا",11,"100_1_37","Hedayat Amin Arsala","هدایت امین ارسل","خپلواک/مستقل","M","NO","NO","NO",143,118,261
"PRESIDENTIAL","2014-04-05","FINAL","2014-05-15","14","KHOST","خوست",1,"100_1_1","Dr. Abdullah Abdullah","داکتر عبدا عبدا","جمعیت اسلمی افغانستان","M","YES","NO","NO",3171,869,4040
"PRESIDENTIAL","2014-04-05","FINAL","2014-05-15","14","KHOST","خوست",2,"101_1_19","Mohammad Daoud Sultanzoy","محمد داود سلطان زوی","خپلواک/مستقل","M","NO","NO","NO",130,15,145
"PRESIDENTIAL","2014-04-05","FINAL","2014-05-15","14","KHOST","خوست",3,"100_1_10","Abdul Rahim Wardak","عبدالرحیم وردک","خپلواک/مستقل","M","NO","NO","NO",60,5,65
"PRESIDENTIAL","2014-04-05","FINAL","2014-05-15","14","KHOST","خوست",4,"100_1_25","Abdul Qayum Karzai","عبدالقیوم کرزی","خپلواک/مستقل","M","NO","NO","NO",202,31,233
"PRESIDENTIAL","2014-04-05","FINAL","2014-05-15","14","KHOST","خوست",5,"101_1_13","Mohammad Ashraf Ghani Ahmadzai","محمد اشرف غنی احمدزی","خپلواک/مستقل","M","NO","YES","NO",67118,16573,83691
"PRESIDENTIAL","2014-04-05","FINAL","2014-05-15","14","KHOST","خوست",6,"101_1_16","Mohammad Nader Naeem","محمد نادر نعیم","خپلواک/مستقل","M","NO","NO","NO",153,36,189
"PRESIDENTIAL","2014-04-05","FINAL","2014-05-15","14","KHOST","خوست",7,"100_1_24","Zalmai Rasul","زلمی رسول","خپلواک/مستقل","M","NO","NO","NO",6363,2252,8615
"PRESIDENTIAL","2014-04-05","FINAL","2014-05-15","14","KHOST","خوست",8,"100_1_7","Eng. Qutbudin Hilal","انجنیر قطب الدین هلل","خپلواک/مستقل","M","NO","NO","NO",10164,3315,13479
"PRESIDENTIAL","2014-04-05","FINAL","2014-05-15","14","KHOST","خوست",9,"100_1_28","Mohammad Sahfiq Gul Agha Sherzai","محمد شفیق گل آغا شیرزی","خپلواک/مستقل","M","NO","NO","NO",185,15,200
"PRESIDENTIAL","2014-04-05","FINAL","2014-05-15","14","KHOST","خوست",10,"100_1_4","Abdul Rab Rasul Sayaf","پروفیسور عبدرب الرسول سیاف","خپلواک/مستقل","M","NO","NO","NO",2161,487,2648
"PRESIDENTIAL","2014-04-05","FINAL","2014-05-15","14","KHOST","خوست",11,"100_1_37","Hedayat Amin Arsala","هدایت امین ارسل","خپلواک/مستقل","M","NO","NO","NO",255,10,265
"PRESIDENTIAL","2014-04-05","FINAL","2014-05-15","15","KUNAR","کنرها",1,"100_1_1","Dr. Abdullah Abdullah","داکتر عبدا عبدا","جمعیت اسلمی افغانستان","M","YES","NO","NO",9002,4255,13257
"PRESIDENTIAL","2014-04-05","FINAL","2014-05-15","15","KUNAR","کنرها",2,"101_1_19","Mohammad Daoud Sultanzoy","محمد داود سلطان زوی","خپلواک/مستقل","M","NO","NO","NO",119,290,409
"PRESIDENTIAL","2014-04-05","FINAL","2014-05-15","15","KUNAR","کنرها",3,"100_1_10","Abdul Rahim Wardak","عبدالرحیم وردک","خپلواک/مستقل","M","NO","NO","NO",43,46,89
"PRESIDENTIAL","2014-04-05","FINAL","2014-05-15","15","KUNAR","کنرها",4,"100_1_25","Abdul Qayum Karzai","عبدالقیوم کرزی","خپلواک/مستقل","M","NO","NO","NO",154,248,402
"PRESIDENTIAL","2014-04-05","FINAL","2014-05-15","15","KUNAR","کنرها",5,"101_1_13","Mohammad Ashraf Ghani Ahmadzai","محمد اشرف غنی احمدزی","خپلواک/مستقل","M","NO","YES","NO",50191,19354,69545
"PRESIDENTIAL","2014-04-05","FINAL","2014-05-15","15","KUNAR","کنرها",6,"101_1_16","Mohammad Nader Naeem","محمد نادر نعیم","خپلواک/مستقل","M","NO","NO","NO",69,228,297
"PRESIDENTIAL","2014-04-05","FINAL","2014-05-15","15","KUNAR","کنرها",7,"100_1_24","Zalmai Rasul","زلمی رسول","خپلواک/مستقل","M","NO","NO","NO",8011,3899,11910
"PRESIDENTIAL","2014-04-05","FINAL","2014-05-15","15","KUNAR","کنرها",8,"100_1_7","Eng. Qutbudin Hilal","انجنیر قطب الدین هلل","خپلواک/مستقل","M","NO","NO","NO",3205,1051,4256
"PRESIDENTIAL","2014-04-05","FINAL","2014-05-15","15","KUNAR","کنرها",9,"100_1_28","Mohammad Sahfiq Gul Agha Sherzai","محمد شفیق گل آغا شیرزی","خپلواک/مستقل","M","NO","NO","NO",106,104,210
"PRESIDENTIAL","2014-04-05","FINAL","2014-05-15","15","KUNAR","کنرها",10,"100_1_4","Abdul Rab Rasul Sayaf","پروفیسور عبدرب الرسول سیاف","خپلواک/مستقل","M","NO","NO","NO",5124,2292,7416
"PRESIDENTIAL","2014-04-05","FINAL","2014-05-15","15","KUNAR","کنرها",11,"100_1_37","Hedayat Amin Arsala","هدایت امین ارسل","خپلواک/مستقل","M","NO","NO","NO",335,48,383
"PRESIDENTIAL","2014-04-05","FINAL","2014-05-15","16","NOORISTAN","نورستان",1,"100_1_1","Dr. Abdullah Abdullah","داکتر عبدا عبدا","جمعیت اسلمی افغانستان","M","YES","NO","NO",15034,7812,23234
"PRESIDENTIAL","2014-04-05","FINAL","2014-05-15","16","NOORISTAN","نورستان",2,"101_1_19","Mohammad Daoud Sultanzoy","محمد داود سلطان زوی","خپلواک/مستقل","M","NO","NO","NO",39,9,48
"PRESIDENTIAL","2014-04-05","FINAL","2014-05-15","16","NOORISTAN","نورستان",3,"100_1_10","Abdul Rahim Wardak","عبدالرحیم وردک","خپلواک/مستقل","M","NO","NO","NO",3,0,4
"PRESIDENTIAL","2014-04-05","FINAL","2014-05-15","16","NOORISTAN","نورستان",4,"100_1_25","Abdul Qayum Karzai","عبدالقیوم کرزی","خپلواک/مستقل","M","NO","NO","NO",2,0,2
"PRESIDENTIAL","2014-04-05","FINAL","2014-05-15","16","NOORISTAN","نورستان",5,"101_1_13","Mohammad Ashraf Ghani Ahmadzai","محمد اشرف غنی احمدزی","خپلواک/مستقل","M","NO","YES","NO",5560,3326,9001
"PRESIDENTIAL","2014-04-05","FINAL","2014-05-15","16","NOORISTAN","نورستان",6,"101_1_16","Mohammad Nader Naeem","محمد نادر نعیم","خپلواک/مستقل","M","NO","NO","NO",4,54,58
"PRESIDENTIAL","2014-04-05","FINAL","2014-05-15","16","NOORISTAN","نورستان",7,"100_1_24","Zalmai Rasul","زلمی رسول","خپلواک/مستقل","M","NO","NO","NO",5043,2485,7585
"PRESIDENTIAL","2014-04-05","FINAL","2014-05-15","16","NOORISTAN","نورستان",8,"100_1_7","Eng. Qutbudin Hilal","انجنیر قطب الدین هلل","خپلواک/مستقل","M","NO","NO","NO",2975,832,3809
"PRESIDENTIAL","2014-04-05","FINAL","2014-05-15","16","NOORISTAN","نورستان",9,"100_1_28","Mohammad Sahfiq Gul Agha Sherzai","محمد شفیق گل آغا شیرزی","خپلواک/مستقل","M","NO","NO","NO",82,75,158
"PRESIDENTIAL","2014-04-05","FINAL","2014-05-15","16","NOORISTAN","نورستان",10,"100_1_4","Abdul Rab Rasul Sayaf","پروفیسور عبدرب الرسول سیاف","خپلواک/مستقل","M","NO","NO","NO",12352,5484,17858
"PRESIDENTIAL","2014-04-05","FINAL","2014-05-15","16","NOORISTAN","نورستان",11,"100_1_37","Hedayat Amin Arsala","هدایت امین ارسل","خپلواک/مستقل","M","NO","NO","NO",29,7,36
"PRESIDENTIAL","2014-04-05","FINAL","2014-05-15","17","BADAKHSHAN","بدخشان",1,"100_1_1","Dr. Abdullah Abdullah","داکتر عبدا عبدا","جمعیت اسلمی افغانستان","M","YES","NO","NO",125684,64969,191260
"PRESIDENTIAL","2014-04-05","FINAL","2014-05-15","17","BADAKHSHAN","بدخشان",2,"101_1_19","Mohammad Daoud Sultanzoy","محمد داود سلطان زوی","خپلواک/مستقل","M","NO","NO","NO",673,324,999
"PRESIDENTIAL","2014-04-05","FINAL","2014-05-15","17","BADAKHSHAN","بدخشان",3,"100_1_10","Abdul Rahim Wardak","عبدالرحیم وردک","خپلواک/مستقل","M","NO","NO","NO",119,55,175
"PRESIDENTIAL","2014-04-05","FINAL","2014-05-15","17","BADAKHSHAN","بدخشان",4,"100_1_25","Abdul Qayum Karzai","عبدالقیوم کرزی","خپلواک/مستقل","M","NO","NO","NO",256,145,406
"PRESIDENTIAL","2014-04-05","FINAL","2014-05-15","17","BADAKHSHAN","بدخشان",5,"101_1_13","Mohammad Ashraf Ghani Ahmadzai","محمد اشرف غنی احمدزی","خپلواک/مستقل","M","NO","YES","NO",28050,14411,42548
"PRESIDENTIAL","2014-04-05","FINAL","2014-05-15","17","BADAKHSHAN","بدخشان",6,"101_1_16","Mohammad Nader Naeem","محمد نادر نعیم","خپلواک/مستقل","M","NO","NO","NO",177,151,332
"PRESIDENTIAL","2014-04-05","FINAL","2014-05-15","17","BADAKHSHAN","بدخشان",7,"100_1_24","Zalmai Rasul","زلمی رسول","خپلواک/مستقل","M","NO","NO","NO",15770,12221,28044
"PRESIDENTIAL","2014-04-05","FINAL","2014-05-15","17","BADAKHSHAN","بدخشان",8,"100_1_7","Eng. Qutbudin Hilal","انجنیر قطب الدین هلل","خپلواک/مستقل","M","NO","NO","NO",3739,2125,5864
"PRESIDENTIAL","2014-04-05","FINAL","2014-05-15","17","BADAKHSHAN","بدخشان",9,"100_1_28","Mohammad Sahfiq Gul Agha Sherzai","محمد شفیق گل آغا شیرزی","خپلواک/مستقل","M","NO","NO","NO",145,67,212
"PRESIDENTIAL","2014-04-05","FINAL","2014-05-15","17","BADAKHSHAN","بدخشان",10,"100_1_4","Abdul Rab Rasul Sayaf","پروفیسور عبدرب الرسول سیاف","خپلواک/مستقل","M","NO","NO","NO",17153,8340,25537
"PRESIDENTIAL","2014-04-05","FINAL","2014-05-15","17","BADAKHSHAN","بدخشان",11,"100_1_37","Hedayat Amin Arsala","هدایت امین ارسل","خپلواک/مستقل","M","NO","NO","NO",318,152,472
"PRESIDENTIAL","2014-04-05","FINAL","2014-05-15","18","TAKHAR","تخار",1,"100_1_1","Dr. Abdullah Abdullah","داکتر عبدا عبدا","جمعیت اسلمی افغانستان","M","YES","NO","NO",98342,61033,159375
"PRESIDENTIAL","2014-04-05","FINAL","2014-05-15","18","TAKHAR","تخار",2,"101_1_19","Mohammad Daoud Sultanzoy","محمد داود سلطان زوی","خپلواک/مستقل","M","NO","NO","NO",994,838,1832
"PRESIDENTIAL","2014-04-05","FINAL","2014-05-15","18","TAKHAR","تخار",3,"100_1_10","Abdul Rahim Wardak","عبدالرحیم وردک","خپلواک/مستقل","M","NO","NO","NO",344,256,600
"PRESIDENTIAL","2014-04-05","FINAL","2014-05-15","18","TAKHAR","تخار",4,"100_1_25","Abdul Qayum Karzai","عبدالقیوم کرزی","خپلواک/مستقل","M","NO","NO","NO",907,617,1524
"PRESIDENTIAL","2014-04-05","FINAL","2014-05-15","18","TAKHAR","تخار",5,"101_1_13","Mohammad Ashraf Ghani Ahmadzai","محمد اشرف غنی احمدزی","خپلواک/مستقل","M","NO","YES","NO",78501,42599,121100
"PRESIDENTIAL","2014-04-05","FINAL","2014-05-15","18","TAKHAR","تخار",6,"101_1_16","Mohammad Nader Naeem","محمد نادر نعیم","خپلواک/مستقل","M","NO","NO","NO",507,497,1004
"PRESIDENTIAL","2014-04-05","FINAL","2014-05-15","18","TAKHAR","تخار",7,"100_1_24","Zalmai Rasul","زلمی رسول","خپلواک/مستقل","M","NO","NO","NO",10886,5163,16049
"PRESIDENTIAL","2014-04-05","FINAL","2014-05-15","18","TAKHAR","تخار",8,"100_1_7","Eng. Qutbudin Hilal","انجنیر قطب الدین هلل","خپلواک/مستقل","M","NO","NO","NO",3591,903,4494
"PRESIDENTIAL","2014-04-05","FINAL","2014-05-15","18","TAKHAR","تخار",9,"100_1_28","Mohammad Sahfiq Gul Agha Sherzai","محمد شفیق گل آغا شیرزی","خپلواک/مستقل","M","NO","NO","NO",416,233,649
"PRESIDENTIAL","2014-04-05","FINAL","2014-05-15","18","TAKHAR","تخار",10,"100_1_4","Abdul Rab Rasul Sayaf","پروفیسور عبدرب الرسول سیاف","خپلواک/مستقل","M","NO","NO","NO",8186,3877,12063
"PRESIDENTIAL","2014-04-05","FINAL","2014-05-15","18","TAKHAR","تخار",11,"100_1_37","Hedayat Amin Arsala","هدایت امین ارسل","خپلواک/مستقل","M","NO","NO","NO",530,473,1003
"PRESIDENTIAL","2014-04-05","FINAL","2014-05-15","19","KUNDUZ","کندز",1,"100_1_1","Dr. Abdullah Abdullah","داکتر عبدا عبدا","جمعیت اسلمی افغانستان","M","YES","NO","NO",72478,27910,100413
"PRESIDENTIAL","2014-04-05","FINAL","2014-05-15","19","KUNDUZ","کندز",2,"101_1_19","Mohammad Daoud Sultanzoy","محمد داود سلطان زوی","خپلواک/مستقل","M","NO","NO","NO",817,435,1252
"PRESIDENTIAL","2014-04-05","FINAL","2014-05-15","19","KUNDUZ","کندز",3,"100_1_10","Abdul Rahim Wardak","عبدالرحیم وردک","خپلواک/مستقل","M","NO","NO","NO",467,138,605
"PRESIDENTIAL","2014-04-05","FINAL","2014-05-15","19","KUNDUZ","کندز",4,"100_1_25","Abdul Qayum Karzai","عبدالقیوم کرزی","خپلواک/مستقل","M","NO","NO","NO",586,221,807
"PRESIDENTIAL","2014-04-05","FINAL","2014-05-15","19","KUNDUZ","کندز",5,"101_1_13","Mohammad Ashraf Ghani Ahmadzai","محمد اشرف غنی احمدزی","خپلواک/مستقل","M","NO","YES","NO",59693,20800,80893
"PRESIDENTIAL","2014-04-05","FINAL","2014-05-15","19","KUNDUZ","کندز",6,"101_1_16","Mohammad Nader Naeem","محمد نادر نعیم","خپلواک/مستقل","M","NO","NO","NO",451,212,663
"PRESIDENTIAL","2014-04-05","FINAL","2014-05-15","19","KUNDUZ","کندز",7,"100_1_24","Zalmai Rasul","زلمی رسول","خپلواک/مستقل","M","NO","NO","NO",8729,2486,11223
"PRESIDENTIAL","2014-04-05","FINAL","2014-05-15","19","KUNDUZ","کندز",8,"100_1_7","Eng. Qutbudin Hilal","انجنیر قطب الدین هلل","خپلواک/مستقل","M","NO","NO","NO",4517,745,5262
"PRESIDENTIAL","2014-04-05","FINAL","2014-05-15","19","KUNDUZ","کندز",9,"100_1_28","Mohammad Sahfiq Gul Agha Sherzai","محمد شفیق گل آغا شیرزی","خپلواک/مستقل","M","NO","NO","NO",1127,296,1423
"PRESIDENTIAL","2014-04-05","FINAL","2014-05-15","19","KUNDUZ","کندز",10,"100_1_4","Abdul Rab Rasul Sayaf","پروفیسور عبدرب الرسول سیاف","خپلواک/مستقل","M","NO","NO","NO",9416,2689,12272
"PRESIDENTIAL","2014-04-05","FINAL","2014-05-15","19","KUNDUZ","کندز",11,"100_1_37","Hedayat Amin Arsala","هدایت امین ارسل","خپلواک/مستقل","M","NO","NO","NO",499,172,671
"PRESIDENTIAL","2014-04-05","FINAL","2014-05-15","20","SAMANGAN","سمنگان",1,"100_1_1","Dr. Abdullah Abdullah","داکتر عبدا عبدا","جمعیت اسلمی افغانستان","M","YES","NO","NO",56474,30371,86845
"PRESIDENTIAL","2014-04-05","FINAL","2014-05-15","20","SAMANGAN","سمنگان",2,"101_1_19","Mohammad Daoud Sultanzoy","محمد داود سلطان زوی","خپلواک/مستقل","M","NO","NO","NO",603,388,991
"PRESIDENTIAL","2014-04-05","FINAL","2014-05-15","20","SAMANGAN","سمنگان",3,"100_1_10","Abdul Rahim Wardak","عبدالرحیم وردک","خپلواک/مستقل","M","NO","NO","NO",193,132,325
"PRESIDENTIAL","2014-04-05","FINAL","2014-05-15","20","SAMANGAN","سمنگان",4,"100_1_25","Abdul Qayum Karzai","عبدالقیوم کرزی","خپلواک/مستقل","M","NO","NO","NO",362,218,580
"PRESIDENTIAL","2014-04-05","FINAL","2014-05-15","20","SAMANGAN","سمنگان",5,"101_1_13","Mohammad Ashraf Ghani Ahmadzai","محمد اشرف غنی احمدزی","خپلواک/مستقل","M","NO","YES","NO",24455,13177,37632
"PRESIDENTIAL","2014-04-05","FINAL","2014-05-15","20","SAMANGAN","سمنگان",6,"101_1_16","Mohammad Nader Naeem","محمد نادر نعیم","خپلواک/مستقل","M","NO","NO","NO",330,260,590
"PRESIDENTIAL","2014-04-05","FINAL","2014-05-15","20","SAMANGAN","سمنگان",7,"100_1_24","Zalmai Rasul","زلمی رسول","خپلواک/مستقل","M","NO","NO","NO",6801,4021,10822
"PRESIDENTIAL","2014-04-05","FINAL","2014-05-15","20","SAMANGAN","سمنگان",8,"100_1_7","Eng. Qutbudin Hilal","انجنیر قطب الدین هلل","خپلواک/مستقل","M","NO","NO","NO",730,169,899
"PRESIDENTIAL","2014-04-05","FINAL","2014-05-15","20","SAMANGAN","سمنگان",9,"100_1_28","Mohammad Sahfiq Gul Agha Sherzai","محمد شفیق گل آغا شیرزی","خپلواک/مستقل","M","NO","NO","NO",229,80,309
"PRESIDENTIAL","2014-04-05","FINAL","2014-05-15","20","SAMANGAN","سمنگان",10,"100_1_4","Abdul Rab Rasul Sayaf","پروفیسور عبدرب الرسول سیاف","خپلواک/مستقل","M","NO","NO","NO",2460,1152,3612
"PRESIDENTIAL","2014-04-05","FINAL","2014-05-15","20","SAMANGAN","سمنگان",11,"100_1_37","Hedayat Amin Arsala","هدایت امین ارسل","خپلواک/مستقل","M","NO","NO","NO",295,187,482
"PRESIDENTIAL","2014-04-05","FINAL","2014-05-15","21","BALKH","بلخ",1,"100_1_1","Dr. Abdullah Abdullah","داکتر عبدا عبدا","جمعیت اسلمی افغانستان","M","YES","NO","NO",144016,93163,238582
"PRESIDENTIAL","2014-04-05","FINAL","2014-05-15","21","BALKH","بلخ",2,"101_1_19","Mohammad Daoud Sultanzoy","محمد داود سلطان زوی","خپلواک/مستقل","M","NO","NO","NO",1222,965,2196
"PRESIDENTIAL","2014-04-05","FINAL","2014-05-15","21","BALKH","بلخ",3,"100_1_10","Abdul Rahim Wardak","عبدالرحیم وردک","خپلواک/مستقل","M","NO","NO","NO",295,235,534
"PRESIDENTIAL","2014-04-05","FINAL","2014-05-15","21","BALKH","بلخ",4,"100_1_25","Abdul Qayum Karzai","عبدالقیوم کرزی","خپلواک/مستقل","M","NO","NO","NO",531,374,909
"PRESIDENTIAL","2014-04-05","FINAL","2014-05-15","21","BALKH","بلخ",5,"101_1_13","Mohammad Ashraf Ghani Ahmadzai","محمد اشرف غنی احمدزی","خپلواک/مستقل","M","NO","YES","NO",72670,36621,109694
"PRESIDENTIAL","2014-04-05","FINAL","2014-05-15","21","BALKH","بلخ",6,"101_1_16","Mohammad Nader Naeem","محمد نادر نعیم","خپلواک/مستقل","M","NO","NO","NO",510,517,1028
"PRESIDENTIAL","2014-04-05","FINAL","2014-05-15","21","BALKH","بلخ",7,"100_1_24","Zalmai Rasul","زلمی رسول","خپلواک/مستقل","M","NO","NO","NO",20244,11714,32060
"PRESIDENTIAL","2014-04-05","FINAL","2014-05-15","21","BALKH","بلخ",8,"100_1_7","Eng. Qutbudin Hilal","انجنیر قطب الدین هلل","خپلواک/مستقل","M","NO","NO","NO",1580,488,2073
"PRESIDENTIAL","2014-04-05","FINAL","2014-05-15","21","BALKH","بلخ",9,"100_1_28","Mohammad Sahfiq Gul Agha Sherzai","محمد شفیق گل آغا شیرزی","خپلواک/مستقل","M","NO","NO","NO",1019,571,1597
"PRESIDENTIAL","2014-04-05","FINAL","2014-05-15","21","BALKH","بلخ",10,"100_1_4","Abdul Rab Rasul Sayaf","پروفیسور عبدرب الرسول سیاف","خپلواک/مستقل","M","NO","NO","NO",3412,1087,4512
"PRESIDENTIAL","2014-04-05","FINAL","2014-05-15","21","BALKH","بلخ",11,"100_1_37","Hedayat Amin Arsala","هدایت امین ارسل","خپلواک/مستقل","M","NO","NO","NO",591,308,904
"PRESIDENTIAL","2014-04-05","FINAL","2014-05-15","22","SAR-I-PUL","سرپل",1,"100_1_1","Dr. Abdullah Abdullah","داکتر عبدا عبدا","جمعیت اسلمی افغانستان","M","YES","NO","NO",45921,28790,74711
"PRESIDENTIAL","2014-04-05","FINAL","2014-05-15","22","SAR-I-PUL","سرپل",2,"101_1_19","Mohammad Daoud Sultanzoy","محمد داود سلطان زوی","خپلواک/مستقل","M","NO","NO","NO",431,241,672
"PRESIDENTIAL","2014-04-05","FINAL","2014-05-15","22","SAR-I-PUL","سرپل",3,"100_1_10","Abdul Rahim Wardak","عبدالرحیم وردک","خپلواک/مستقل","M","NO","NO","NO",171,97,268
"PRESIDENTIAL","2014-04-05","FINAL","2014-05-15","22","SAR-I-PUL","سرپل",4,"100_1_25","Abdul Qayum Karzai","عبدالقیوم کرزی","خپلواک/مستقل","M","NO","NO","NO",358,211,569
"PRESIDENTIAL","2014-04-05","FINAL","2014-05-15","22","SAR-I-PUL","سرپل",5,"101_1_13","Mohammad Ashraf Ghani Ahmadzai","محمد اشرف غنی احمدزی","خپلواک/مستقل","M","NO","YES","NO",37179,19918,57097
"PRESIDENTIAL","2014-04-05","FINAL","2014-05-15","22","SAR-I-PUL","سرپل",6,"101_1_16","Mohammad Nader Naeem","محمد نادر نعیم","خپلواک/مستقل","M","NO","NO","NO",240,154,394
"PRESIDENTIAL","2014-04-05","FINAL","2014-05-15","22","SAR-I-PUL","سرپل",7,"100_1_24","Zalmai Rasul","زلمی رسول","خپلواک/مستقل","M","NO","NO","NO",5722,3391,9113
"PRESIDENTIAL","2014-04-05","FINAL","2014-05-15","22","SAR-I-PUL","سرپل",8,"100_1_7","Eng. Qutbudin Hilal","انجنیر قطب الدین هلل","خپلواک/مستقل","M","NO","NO","NO",574,252,826
"PRESIDENTIAL","2014-04-05","FINAL","2014-05-15","22","SAR-I-PUL","سرپل",9,"100_1_28","Mohammad Sahfiq Gul Agha Sherzai","محمد شفیق گل آغا شیرزی","خپلواک/مستقل","M","NO","NO","NO",1297,636,1933
"PRESIDENTIAL","2014-04-05","FINAL","2014-05-15","22","SAR-I-PUL","سرپل",10,"100_1_4","Abdul Rab Rasul Sayaf","پروفیسور عبدرب الرسول سیاف","خپلواک/مستقل","M","NO","NO","NO",2574,898,3472
"PRESIDENTIAL","2014-04-05","FINAL","2014-05-15","22","SAR-I-PUL","سرپل",11,"100_1_37","Hedayat Amin Arsala","هدایت امین ارسل","خپلواک/مستقل","M","NO","NO","NO",247,126,373
"PRESIDENTIAL","2014-04-05","FINAL","2014-05-15","23","GHOR","غور",1,"100_1_1","Dr. Abdullah Abdullah","داکتر عبدا عبدا","جمعیت اسلمی افغانستان","M","YES","NO","NO",116501,63945,180446
"PRESIDENTIAL","2014-04-05","FINAL","2014-05-15","23","GHOR","غور",2,"101_1_19","Mohammad Daoud Sultanzoy","محمد داود سلطان زوی","خپلواک/مستقل","M","NO","NO","NO",550,409,959
"PRESIDENTIAL","2014-04-05","FINAL","2014-05-15","23","GHOR","غور",3,"100_1_10","Abdul Rahim Wardak","عبدالرحیم وردک","خپلواک/مستقل","M","NO","NO","NO",48,25,73
"PRESIDENTIAL","2014-04-05","FINAL","2014-05-15","23","GHOR","غور",4,"100_1_25","Abdul Qayum Karzai","عبدالقیوم کرزی","خپلواک/مستقل","M","NO","NO","NO",104,79,183
"PRESIDENTIAL","2014-04-05","FINAL","2014-05-15","23","GHOR","غور",5,"101_1_13","Mohammad Ashraf Ghani Ahmadzai","محمد اشرف غنی احمدزی","خپلواک/مستقل","M","NO","YES","NO",25784,13914,39698
"PRESIDENTIAL","2014-04-05","FINAL","2014-05-15","23","GHOR","غور",6,"101_1_16","Mohammad Nader Naeem","محمد نادر نعیم","خپلواک/مستقل","M","NO","NO","NO",73,47,120
"PRESIDENTIAL","2014-04-05","FINAL","2014-05-15","23","GHOR","غور",7,"100_1_24","Zalmai Rasul","زلمی رسول","خپلواک/مستقل","M","NO","NO","NO",15979,11132,27111
"PRESIDENTIAL","2014-04-05","FINAL","2014-05-15","23","GHOR","غور",8,"100_1_7","Eng. Qutbudin Hilal","انجنیر قطب الدین هلل","خپلواک/مستقل","M","NO","NO","NO",1677,914,2591
"PRESIDENTIAL","2014-04-05","FINAL","2014-05-15","23","GHOR","غور",9,"100_1_28","Mohammad Sahfiq Gul Agha Sherzai","محمد شفیق گل آغا شیرزی","خپلواک/مستقل","M","NO","NO","NO",2417,1103,3520
"PRESIDENTIAL","2014-04-05","FINAL","2014-05-15","23","GHOR","غور",10,"100_1_4","Abdul Rab Rasul Sayaf","پروفیسور عبدرب الرسول سیاف","خپلواک/مستقل","M","NO","NO","NO",30843,17722,48565
"PRESIDENTIAL","2014-04-05","FINAL","2014-05-15","23","GHOR","غور",11,"100_1_37","Hedayat Amin Arsala","هدایت امین ارسل","خپلواک/مستقل","M","NO","NO","NO",210,97,307
"PRESIDENTIAL","2014-04-05","FINAL","2014-05-15","24","DAIKUNDI","دایکندی",1,"100_1_1","Dr. Abdullah Abdullah","داکتر عبدا عبدا","جمعیت اسلمی افغانستان","M","YES","NO","NO",83699,45014,128713
"PRESIDENTIAL","2014-04-05","FINAL","2014-05-15","24","DAIKUNDI","دایکندی",2,"101_1_19","Mohammad Daoud Sultanzoy","محمد داود سلطان زوی","خپلواک/مستقل","M","NO","NO","NO",549,477,1026
"PRESIDENTIAL","2014-04-05","FINAL","2014-05-15","24","DAIKUNDI","دایکندی",3,"100_1_10","Abdul Rahim Wardak","عبدالرحیم وردک","خپلواک/مستقل","M","NO","NO","NO",107,105,212
"PRESIDENTIAL","2014-04-05","FINAL","2014-05-15","24","DAIKUNDI","دایکندی",4,"100_1_25","Abdul Qayum Karzai","عبدالقیوم کرزی","خپلواک/مستقل","M","NO","NO","NO",168,118,286
"PRESIDENTIAL","2014-04-05","FINAL","2014-05-15","24","DAIKUNDI","دایکندی",5,"101_1_13","Mohammad Ashraf Ghani Ahmadzai","محمد اشرف غنی احمدزی","خپلواک/مستقل","M","NO","YES","NO",12216,6897,19113
"PRESIDENTIAL","2014-04-05","FINAL","2014-05-15","24","DAIKUNDI","دایکندی",6,"101_1_16","Mohammad Nader Naeem","محمد نادر نعیم","خپلواک/مستقل","M","NO","NO","NO",158,160,318
"PRESIDENTIAL","2014-04-05","FINAL","2014-05-15","24","DAIKUNDI","دایکندی",7,"100_1_24","Zalmai Rasul","زلمی رسول","خپلواک/مستقل","M","NO","NO","NO",12595,7315,19910
"PRESIDENTIAL","2014-04-05","FINAL","2014-05-15","24","DAIKUNDI","دایکندی",8,"100_1_7","Eng. Qutbudin Hilal","انجنیر قطب الدین هلل","خپلواک/مستقل","M","NO","NO","NO",139,131,270
"PRESIDENTIAL","2014-04-05","FINAL","2014-05-15","24","DAIKUNDI","دایکندی",9,"100_1_28","Mohammad Sahfiq Gul Agha Sherzai","محمد شفیق گل آغا شیرزی","خپلواک/مستقل","M","NO","NO","NO",677,622,1299
"PRESIDENTIAL","2014-04-05","FINAL","2014-05-15","24","DAIKUNDI","دایکندی",10,"100_1_4","Abdul Rab Rasul Sayaf","پروفیسور عبدرب الرسول سیاف","خپلواک/مستقل","M","NO","NO","NO",524,270,794
"PRESIDENTIAL","2014-04-05","FINAL","2014-05-15","24","DAIKUNDI","دایکندی",11,"100_1_37","Hedayat Amin Arsala","هدایت امین ارسل","خپلواک/مستقل","M","NO","NO","NO",175,195,370
"PRESIDENTIAL","2014-04-05","FINAL","2014-05-15","25","UROZGAN","ارزگان",1,"100_1_1","Dr. Abdullah Abdullah","داکتر عبدا عبدا","جمعیت اسلمی افغانستان","M","YES","NO","NO",4153,1164,5317
"PRESIDENTIAL","2014-04-05","FINAL","2014-05-15","25","UROZGAN","ارزگان",2,"101_1_19","Mohammad Daoud Sultanzoy","محمد داود سلطان زوی","خپلواک/مستقل","M","NO","NO","NO",271,46,317
"PRESIDENTIAL","2014-04-05","FINAL","2014-05-15","25","UROZGAN","ارزگان",3,"100_1_10","Abdul Rahim Wardak","عبدالرحیم وردک","خپلواک/مستقل","M","NO","NO","NO",108,24,132
"PRESIDENTIAL","2014-04-05","FINAL","2014-05-15","25","UROZGAN","ارزگان",4,"100_1_25","Abdul Qayum Karzai","عبدالقیوم کرزی","خپلواک/مستقل","M","NO","NO","NO",192,34,226
"PRESIDENTIAL","2014-04-05","FINAL","2014-05-15","25","UROZGAN","ارزگان",5,"101_1_13","Mohammad Ashraf Ghani Ahmadzai","محمد اشرف غنی احمدزی","خپلواک/مستقل","M","NO","YES","NO",4800,1222,6022
"PRESIDENTIAL","2014-04-05","FINAL","2014-05-15","25","UROZGAN","ارزگان",6,"101_1_16","Mohammad Nader Naeem","محمد نادر نعیم","خپلواک/مستقل","M","NO","NO","NO",250,68,318
"PRESIDENTIAL","2014-04-05","FINAL","2014-05-15","25","UROZGAN","ارزگان",7,"100_1_24","Zalmai Rasul","زلمی رسول","خپلواک/مستقل","M","NO","NO","NO",4203,1129,5332
"PRESIDENTIAL","2014-04-05","FINAL","2014-05-15","25","UROZGAN","ارزگان",8,"100_1_7","Eng. Qutbudin Hilal","انجنیر قطب الدین هلل","خپلواک/مستقل","M","NO","NO","NO",996,209,1205
"PRESIDENTIAL","2014-04-05","FINAL","2014-05-15","25","UROZGAN","ارزگان",9,"100_1_28","Mohammad Sahfiq Gul Agha Sherzai","محمد شفیق گل آغا شیرزی","خپلواک/مستقل","M","NO","NO","NO",2784,551,3335
"PRESIDENTIAL","2014-04-05","FINAL","2014-05-15","25","UROZGAN","ارزگان",10,"100_1_4","Abdul Rab Rasul Sayaf","پروفیسور عبدرب الرسول سیاف","خپلواک/مستقل","M","NO","NO","NO",525,112,637
"PRESIDENTIAL","2014-04-05","FINAL","2014-05-15","25","UROZGAN","ارزگان",11,"100_1_37","Hedayat Amin Arsala","هدایت امین ارسل","خپلواک/مستقل","M","NO","NO","NO",142,38,180
"PRESIDENTIAL","2014-04-05","FINAL","2014-05-15","26","ZABUL","زابل",1,"100_1_1","Dr. Abdullah Abdullah","داکتر عبدا عبدا","جمعیت اسلمی افغانستان","M","YES","NO","NO",3680,161,3841
"PRESIDENTIAL","2014-04-05","FINAL","2014-05-15","26","ZABUL","زابل",2,"101_1_19","Mohammad Daoud Sultanzoy","محمد داود سلطان زوی","خپلواک/مستقل","M","NO","NO","NO",281,8,289
"PRESIDENTIAL","2014-04-05","FINAL","2014-05-15","26","ZABUL","زابل",3,"100_1_10","Abdul Rahim Wardak","عبدالرحیم وردک","خپلواک/مستقل","M","NO","NO","NO",22,0,22
"PRESIDENTIAL","2014-04-05","FINAL","2014-05-15","26","ZABUL","زابل",4,"100_1_25","Abdul Qayum Karzai","عبدالقیوم کرزی","خپلواک/مستقل","M","NO","NO","NO",90,2,92
"PRESIDENTIAL","2014-04-05","FINAL","2014-05-15","26","ZABUL","زابل",5,"101_1_13","Mohammad Ashraf Ghani Ahmadzai","محمد اشرف غنی احمدزی","خپلواک/مستقل","M","NO","YES","NO",7368,376,7744
"PRESIDENTIAL","2014-04-05","FINAL","2014-05-15","26","ZABUL","زابل",6,"101_1_16","Mohammad Nader Naeem","محمد نادر نعیم","خپلواک/مستقل","M","NO","NO","NO",92,0,92
"PRESIDENTIAL","2014-04-05","FINAL","2014-05-15","26","ZABUL","زابل",7,"100_1_24","Zalmai Rasul","زلمی رسول","خپلواک/مستقل","M","NO","NO","NO",3926,434,4360
"PRESIDENTIAL","2014-04-05","FINAL","2014-05-15","26","ZABUL","زابل",8,"100_1_7","Eng. Qutbudin Hilal","انجنیر قطب الدین هلل","خپلواک/مستقل","M","NO","NO","NO",2019,14,2033
"PRESIDENTIAL","2014-04-05","FINAL","2014-05-15","26","ZABUL","زابل",9,"100_1_28","Mohammad Sahfiq Gul Agha Sherzai","محمد شفیق گل آغا شیرزی","خپلواک/مستقل","M","NO","NO","NO",706,45,751
"PRESIDENTIAL","2014-04-05","FINAL","2014-05-15","26","ZABUL","زابل",10,"100_1_4","Abdul Rab Rasul Sayaf","پروفیسور عبدرب الرسول سیاف","خپلواک/مستقل","M","NO","NO","NO",935,86,1021
"PRESIDENTIAL","2014-04-05","FINAL","2014-05-15","26","ZABUL","زابل",11,"100_1_37","Hedayat Amin Arsala","هدایت امین ارسل","خپلواک/مستقل","M","NO","NO","NO",254,4,258
"PRESIDENTIAL","2014-04-05","FINAL","2014-05-15","27","KANDAHAR","کندهار",1,"100_1_1","Dr. Abdullah Abdullah","داکتر عبدا عبدا","جمعیت اسلمی افغانستان","M","YES","NO","NO",20742,5758,26500
"PRESIDENTIAL","2014-04-05","FINAL","2014-05-15","27","KANDAHAR","کندهار",2,"101_1_19","Mohammad Daoud Sultanzoy","محمد داود سلطان زوی","خپلواک/مستقل","M","NO","NO","NO",1104,269,1373
"PRESIDENTIAL","2014-04-05","FINAL","2014-05-15","27","KANDAHAR","کندهار",3,"100_1_10","Abdul Rahim Wardak","عبدالرحیم وردک","خپلواک/مستقل","M","NO","NO","NO",516,130,646
"PRESIDENTIAL","2014-04-05","FINAL","2014-05-15","27","KANDAHAR","کندهار",4,"100_1_25","Abdul Qayum Karzai","عبدالقیوم کرزی","خپلواک/مستقل","M","NO","NO","NO",1528,556,2084
"PRESIDENTIAL","2014-04-05","FINAL","2014-05-15","27","KANDAHAR","کندهار",5,"101_1_13","Mohammad Ashraf Ghani Ahmadzai","محمد اشرف غنی احمدزی","خپلواک/مستقل","M","NO","YES","NO",28763,5935,34698
"PRESIDENTIAL","2014-04-05","FINAL","2014-05-15","27","KANDAHAR","کندهار",6,"101_1_16","Mohammad Nader Naeem","محمد نادر نعیم","خپلواک/مستقل","M","NO","NO","NO",1171,537,1708
"PRESIDENTIAL","2014-04-05","FINAL","2014-05-15","27","KANDAHAR","کندهار",7,"100_1_24","Zalmai Rasul","زلمی رسول","خپلواک/مستقل","M","NO","NO","NO",100719,34001,134720
"PRESIDENTIAL","2014-04-05","FINAL","2014-05-15","27","KANDAHAR","کندهار",8,"100_1_7","Eng. Qutbudin Hilal","انجنیر قطب الدین هلل","خپلواک/مستقل","M","NO","NO","NO",6076,905,6981
"PRESIDENTIAL","2014-04-05","FINAL","2014-05-15","27","KANDAHAR","کندهار",9,"100_1_28","Mohammad Sahfiq Gul Agha Sherzai","محمد شفیق گل آغا شیرزی","خپلواک/مستقل","M","NO","NO","NO",31495,8509,40004
"PRESIDENTIAL","2014-04-05","FINAL","2014-05-15","27","KANDAHAR","کندهار",10,"100_1_4","Abdul Rab Rasul Sayaf","پروفیسور عبدرب الرسول سیاف","خپلواک/مستقل","M","NO","NO","NO",3348,827,4175
"PRESIDENTIAL","2014-04-05","FINAL","2014-05-15","27","KANDAHAR","کندهار",11,"100_1_37","Hedayat Amin Arsala","هدایت امین ارسل","خپلواک/مستقل","M","NO","NO","NO",940,275,1215
"PRESIDENTIAL","2014-04-05","FINAL","2014-05-15","28","JOWZJAN","جوزجان",1,"100_1_1","Dr. Abdullah Abdullah","داکتر عبدا عبدا","جمعیت اسلمی افغانستان","M","YES","NO","NO",21850,7525,29375
"PRESIDENTIAL","2014-04-05","FINAL","2014-05-15","28","JOWZJAN","جوزجان",2,"101_1_19","Mohammad Daoud Sultanzoy","محمد داود سلطان زوی","خپلواک/مستقل","M","NO","NO","NO",526,320,846
"PRESIDENTIAL","2014-04-05","FINAL","2014-05-15","28","JOWZJAN","جوزجان",3,"100_1_10","Abdul Rahim Wardak","عبدالرحیم وردک","خپلواک/مستقل","M","NO","NO","NO",397,227,624
"PRESIDENTIAL","2014-04-05","FINAL","2014-05-15","28","JOWZJAN","جوزجان",4,"100_1_25","Abdul Qayum Karzai","عبدالقیوم کرزی","خپلواک/مستقل","M","NO","NO","NO",725,511,1236
"PRESIDENTIAL","2014-04-05","FINAL","2014-05-15","28","JOWZJAN","جوزجان",5,"101_1_13","Mohammad Ashraf Ghani Ahmadzai","محمد اشرف غنی احمدزی","خپلواک/مستقل","M","NO","YES","NO",66350,35635,101985
"PRESIDENTIAL","2014-04-05","FINAL","2014-05-15","28","JOWZJAN","جوزجان",6,"101_1_16","Mohammad Nader Naeem","محمد نادر نعیم","خپلواک/مستقل","M","NO","NO","NO",557,407,964
"PRESIDENTIAL","2014-04-05","FINAL","2014-05-15","28","JOWZJAN","جوزجان",7,"100_1_24","Zalmai Rasul","زلمی رسول","خپلواک/مستقل","M","NO","NO","NO",6847,3182,10029
"PRESIDENTIAL","2014-04-05","FINAL","2014-05-15","28","JOWZJAN","جوزجان",8,"100_1_7","Eng. Qutbudin Hilal","انجنیر قطب الدین هلل","خپلواک/مستقل","M","NO","NO","NO",531,205,736
"PRESIDENTIAL","2014-04-05","FINAL","2014-05-15","28","JOWZJAN","جوزجان",9,"100_1_28","Mohammad Sahfiq Gul Agha Sherzai","محمد شفیق گل آغا شیرزی","خپلواک/مستقل","M","NO","NO","NO",376,181,557
"PRESIDENTIAL","2014-04-05","FINAL","2014-05-15","28","JOWZJAN","جوزجان",10,"100_1_4","Abdul Rab Rasul Sayaf","پروفیسور عبدرب الرسول سیاف","خپلواک/مستقل","M","NO","NO","NO",2375,645,3020
"PRESIDENTIAL","2014-04-05","FINAL","2014-05-15","28","JOWZJAN","جوزجان",11,"100_1_37","Hedayat Amin Arsala","هدایت امین ارسل","خپلواک/مستقل","M","NO","NO","NO",509,251,760
"PRESIDENTIAL","2014-04-05","FINAL","2014-05-15","29","FARYAB","فاریاب",1,"100_1_1","Dr. Abdullah Abdullah","داکتر عبدا عبدا","جمعیت اسلمی افغانستان","M","YES","NO","NO",49534,28099,77633
"PRESIDENTIAL","2014-04-05","FINAL","2014-05-15","29","FARYAB","فاریاب",2,"101_1_19","Mohammad Daoud Sultanzoy","محمد داود سلطان زوی","خپلواک/مستقل","M","NO","NO","NO",469,239,708
"PRESIDENTIAL","2014-04-05","FINAL","2014-05-15","29","FARYAB","فاریاب",3,"100_1_10","Abdul Rahim Wardak","عبدالرحیم وردک","خپلواک/مستقل","M","NO","NO","NO",113,66,179
"PRESIDENTIAL","2014-04-05","FINAL","2014-05-15","29","FARYAB","فاریاب",4,"100_1_25","Abdul Qayum Karzai","عبدالقیوم کرزی","خپلواک/مستقل","M","NO","NO","NO",793,260,1053
"PRESIDENTIAL","2014-04-05","FINAL","2014-05-15","29","FARYAB","فاریاب",5,"101_1_13","Mohammad Ashraf Ghani Ahmadzai","محمد اشرف غنی احمدزی","خپلواک/مستقل","M","NO","YES","NO",110009,63216,173225
"PRESIDENTIAL","2014-04-05","FINAL","2014-05-15","29","FARYAB","فاریاب",6,"101_1_16","Mohammad Nader Naeem","محمد نادر نعیم","خپلواک/مستقل","M","NO","NO","NO",265,154,419
"PRESIDENTIAL","2014-04-05","FINAL","2014-05-15","29","FARYAB","فاریاب",7,"100_1_24","Zalmai Rasul","زلمی رسول","خپلواک/مستقل","M","NO","NO","NO",3953,2555,6508
"PRESIDENTIAL","2014-04-05","FINAL","2014-05-15","29","FARYAB","فاریاب",8,"100_1_7","Eng. Qutbudin Hilal","انجنیر قطب الدین هلل","خپلواک/مستقل","M","NO","NO","NO",343,262,605
"PRESIDENTIAL","2014-04-05","FINAL","2014-05-15","29","FARYAB","فاریاب",9,"100_1_28","Mohammad Sahfiq Gul Agha Sherzai","محمد شفیق گل آغا شیرزی","خپلواک/مستقل","M","NO","NO","NO",1088,485,1573
"PRESIDENTIAL","2014-04-05","FINAL","2014-05-15","29","FARYAB","فاریاب",10,"100_1_4","Abdul Rab Rasul Sayaf","پروفیسور عبدرب الرسول سیاف","خپلواک/مستقل","M","NO","NO","NO",3084,1193,4277
"PRESIDENTIAL","2014-04-05","FINAL","2014-05-15","29","FARYAB","فاریاب",11,"100_1_37","Hedayat Amin Arsala","هدایت امین ارسل","خپلواک/مستقل","M","NO","NO","NO",290,91,381
"PRESIDENTIAL","2014-04-05","FINAL","2014-05-15","30","HELMAND","هلمند",1,"100_1_1","Dr. Abdullah Abdullah","داکتر عبدا عبدا","جمعیت اسلمی افغانستان","M","YES","NO","NO",13165,4740,17905
"PRESIDENTIAL","2014-04-05","FINAL","2014-05-15","30","HELMAND","هلمند",2,"101_1_19","Mohammad Daoud Sultanzoy","محمد داود سلطان زوی","خپلواک/مستقل","M","NO","NO","NO",635,127,762
"PRESIDENTIAL","2014-04-05","FINAL","2014-05-15","30","HELMAND","هلمند",3,"100_1_10","Abdul Rahim Wardak","عبدالرحیم وردک","خپلواک/مستقل","M","NO","NO","NO",268,39,307
"PRESIDENTIAL","2014-04-05","FINAL","2014-05-15","30","HELMAND","هلمند",4,"100_1_25","Abdul Qayum Karzai","عبدالقیوم کرزی","خپلواک/مستقل","M","NO","NO","NO",632,79,711
"PRESIDENTIAL","2014-04-05","FINAL","2014-05-15","30","HELMAND","هلمند",5,"101_1_13","Mohammad Ashraf Ghani Ahmadzai","محمد اشرف غنی احمدزی","خپلواک/مستقل","M","NO","YES","NO",27418,6692,34110
"PRESIDENTIAL","2014-04-05","FINAL","2014-05-15","30","HELMAND","هلمند",6,"101_1_16","Mohammad Nader Naeem","محمد نادر نعیم","خپلواک/مستقل","M","NO","NO","NO",770,108,878
"PRESIDENTIAL","2014-04-05","FINAL","2014-05-15","30","HELMAND","هلمند",7,"100_1_24","Zalmai Rasul","زلمی رسول","خپلواک/مستقل","M","NO","NO","NO",23125,5317,28442
"PRESIDENTIAL","2014-04-05","FINAL","2014-05-15","30","HELMAND","هلمند",8,"100_1_7","Eng. Qutbudin Hilal","انجنیر قطب الدین هلل","خپلواک/مستقل","M","NO","NO","NO",3985,323,4308
"PRESIDENTIAL","2014-04-05","FINAL","2014-05-15","30","HELMAND","هلمند",9,"100_1_28","Mohammad Sahfiq Gul Agha Sherzai","محمد شفیق گل آغا شیرزی","خپلواک/مستقل","M","NO","NO","NO",11645,1802,13447
"PRESIDENTIAL","2014-04-05","FINAL","2014-05-15","30","HELMAND","هلمند",10,"100_1_4","Abdul Rab Rasul Sayaf","پروفیسور عبدرب الرسول سیاف","خپلواک/مستقل","M","NO","NO","NO",3596,384,3980
"PRESIDENTIAL","2014-04-05","FINAL","2014-05-15","30","HELMAND","هلمند",11,"100_1_37","Hedayat Amin Arsala","هدایت امین ارسل","خپلواک/مستقل","M","NO","NO","NO",534,70,604
"PRESIDENTIAL","2014-04-05","FINAL","2014-05-15","31","BADGHIS","بادغیس",1,"100_1_1","Dr. Abdullah Abdullah","داکتر عبدا عبدا","جمعیت اسلمی افغانستان","M","YES","NO","NO",58907,27713,86620
"PRESIDENTIAL","2014-04-05","FINAL","2014-05-15","31","BADGHIS","بادغیس",2,"101_1_19","Mohammad Daoud Sultanzoy","محمد داود سلطان زوی","خپلواک/مستقل","M","NO","NO","NO",417,254,671
"PRESIDENTIAL","2014-04-05","FINAL","2014-05-15","31","BADGHIS","بادغیس",3,"100_1_10","Abdul Rahim Wardak","عبدالرحیم وردک","خپلواک/مستقل","M","NO","NO","NO",105,44,149
"PRESIDENTIAL","2014-04-05","FINAL","2014-05-15","31","BADGHIS","بادغیس",4,"100_1_25","Abdul Qayum Karzai","عبدالقیوم کرزی","خپلواک/مستقل","M","NO","NO","NO",150,74,224
"PRESIDENTIAL","2014-04-05","FINAL","2014-05-15","31","BADGHIS","بادغیس",5,"101_1_13","Mohammad Ashraf Ghani Ahmadzai","محمد اشرف غنی احمدزی","خپلواک/مستقل","M","NO","YES","NO",8262,4315,12577
"PRESIDENTIAL","2014-04-05","FINAL","2014-05-15","31","BADGHIS","بادغیس",6,"101_1_16","Mohammad Nader Naeem","محمد نادر نعیم","خپلواک/مستقل","M","NO","NO","NO",144,98,242
"PRESIDENTIAL","2014-04-05","FINAL","2014-05-15","31","BADGHIS","بادغیس",7,"100_1_24","Zalmai Rasul","زلمی رسول","خپلواک/مستقل","M","NO","NO","NO",4903,2080,6983
"PRESIDENTIAL","2014-04-05","FINAL","2014-05-15","31","BADGHIS","بادغیس",8,"100_1_7","Eng. Qutbudin Hilal","انجنیر قطب الدین هلل","خپلواک/مستقل","M","NO","NO","NO",2513,1457,3970
"PRESIDENTIAL","2014-04-05","FINAL","2014-05-15","31","BADGHIS","بادغیس",9,"100_1_28","Mohammad Sahfiq Gul Agha Sherzai","محمد شفیق گل آغا شیرزی","خپلواک/مستقل","M","NO","NO","NO",359,120,479
"PRESIDENTIAL","2014-04-05","FINAL","2014-05-15","31","BADGHIS","بادغیس",10,"100_1_4","Abdul Rab Rasul Sayaf","پروفیسور عبدرب الرسول سیاف","خپلواک/مستقل","M","NO","NO","NO",11245,5412,16657
"PRESIDENTIAL","2014-04-05","FINAL","2014-05-15","31","BADGHIS","بادغیس",11,"100_1_37","Hedayat Amin Arsala","هدایت امین ارسل","خپلواک/مستقل","M","NO","NO","NO",177,163,340
"PRESIDENTIAL","2014-04-05","FINAL","2014-05-15","32","HERAT","هرات",1,"100_1_1","Dr. Abdullah Abdullah","داکتر عبدا عبدا","جمعیت اسلمی افغانستان","M","YES","NO","NO",180054,121310,301364
"PRESIDENTIAL","2014-04-05","FINAL","2014-05-15","32","HERAT","هرات",2,"101_1_19","Mohammad Daoud Sultanzoy","محمد داود سلطان زوی","خپلواک/مستقل","M","NO","NO","NO",1350,1223,2573
"PRESIDENTIAL","2014-04-05","FINAL","2014-05-15","32","HERAT","هرات",3,"100_1_10","Abdul Rahim Wardak","عبدالرحیم وردک","خپلواک/مستقل","M","NO","NO","NO",269,205,474
"PRESIDENTIAL","2014-04-05","FINAL","2014-05-15","32","HERAT","هرات",4,"100_1_25","Abdul Qayum Karzai","عبدالقیوم کرزی","خپلواک/مستقل","M","NO","NO","NO",480,323,803
"PRESIDENTIAL","2014-04-05","FINAL","2014-05-15","32","HERAT","هرات",5,"101_1_13","Mohammad Ashraf Ghani Ahmadzai","محمد اشرف غنی احمدزی","خپلواک/مستقل","M","NO","YES","NO",33437,21181,54618
"PRESIDENTIAL","2014-04-05","FINAL","2014-05-15","32","HERAT","هرات",6,"101_1_16","Mohammad Nader Naeem","محمد نادر نعیم","خپلواک/مستقل","M","NO","NO","NO",558,493,1051
"PRESIDENTIAL","2014-04-05","FINAL","2014-05-15","32","HERAT","هرات",7,"100_1_24","Zalmai Rasul","زلمی رسول","خپلواک/مستقل","M","NO","NO","NO",33792,22462,56254
"PRESIDENTIAL","2014-04-05","FINAL","2014-05-15","32","HERAT","هرات",8,"100_1_7","Eng. Qutbudin Hilal","انجنیر قطب الدین هلل","خپلواک/مستقل","M","NO","NO","NO",2385,785,3170
"PRESIDENTIAL","2014-04-05","FINAL","2014-05-15","32","HERAT","هرات",9,"100_1_28","Mohammad Sahfiq Gul Agha Sherzai","محمد شفیق گل آغا شیرزی","خپلواک/مستقل","M","NO","NO","NO",4108,2021,6129
"PRESIDENTIAL","2014-04-05","FINAL","2014-05-15","32","HERAT","هرات",10,"100_1_4","Abdul Rab Rasul Sayaf","پروفیسور عبدرب الرسول سیاف","خپلواک/مستقل","M","NO","NO","NO",44877,23015,67892
"PRESIDENTIAL","2014-04-05","FINAL","2014-05-15","32","HERAT","هرات",11,"100_1_37","Hedayat Amin Arsala","هدایت امین ارسل","خپلواک/مستقل","M","NO","NO","NO",529,322,851
"PRESIDENTIAL","2014-04-05","FINAL","2014-05-15","33","FARAH","فراه",1,"100_1_1","Dr. Abdullah Abdullah","داکتر عبدا عبدا","جمعیت اسلمی افغانستان","M","YES","NO","NO",12756,5273,18029
"PRESIDENTIAL","2014-04-05","FINAL","2014-05-15","33","FARAH","فراه",2,"101_1_19","Mohammad Daoud Sultanzoy","محمد داود سلطان زوی","خپلواک/مستقل","M","NO","NO","NO",248,196,444
"PRESIDENTIAL","2014-04-05","FINAL","2014-05-15","33","FARAH","فراه",3,"100_1_10","Abdul Rahim Wardak","عبدالرحیم وردک","خپلواک/مستقل","M","NO","NO","NO",85,72,157
"PRESIDENTIAL","2014-04-05","FINAL","2014-05-15","33","FARAH","فراه",4,"100_1_25","Abdul Qayum Karzai","عبدالقیوم کرزی","خپلواک/مستقل","M","NO","NO","NO",176,88,264
"PRESIDENTIAL","2014-04-05","FINAL","2014-05-15","33","FARAH","فراه",5,"101_1_13","Mohammad Ashraf Ghani Ahmadzai","محمد اشرف غنی احمدزی","خپلواک/مستقل","M","NO","YES","NO",15808,6900,22708
"PRESIDENTIAL","2014-04-05","FINAL","2014-05-15","33","FARAH","فراه",6,"101_1_16","Mohammad Nader Naeem","محمد نادر نعیم","خپلواک/مستقل","M","NO","NO","NO",126,53,179
"PRESIDENTIAL","2014-04-05","FINAL","2014-05-15","33","FARAH","فراه",7,"100_1_24","Zalmai Rasul","زلمی رسول","خپلواک/مستقل","M","NO","NO","NO",5401,2073,7474
"PRESIDENTIAL","2014-04-05","FINAL","2014-05-15","33","FARAH","فراه",8,"100_1_7","Eng. Qutbudin Hilal","انجنیر قطب الدین هلل","خپلواک/مستقل","M","NO","NO","NO",745,163,908
"PRESIDENTIAL","2014-04-05","FINAL","2014-05-15","33","FARAH","فراه",9,"100_1_28","Mohammad Sahfiq Gul Agha Sherzai","محمد شفیق گل آغا شیرزی","خپلواک/مستقل","M","NO","NO","NO",668,251,919
"PRESIDENTIAL","2014-04-05","FINAL","2014-05-15","33","FARAH","فراه",10,"100_1_4","Abdul Rab Rasul Sayaf","پروفیسور عبدرب الرسول سیاف","خپلواک/مستقل","M","NO","NO","NO",3886,2130,6016
"PRESIDENTIAL","2014-04-05","FINAL","2014-05-15","33","FARAH","فراه",11,"100_1_37","Hedayat Amin Arsala","هدایت امین ارسل","خپلواک/مستقل","M","NO","NO","NO",165,66,231
"PRESIDENTIAL","2014-04-05","FINAL","2014-05-15","34","NIMROZ","نیمروز",1,"100_1_1","Dr. Abdullah Abdullah","داکتر عبدا عبدا","جمعیت اسلمی افغانستان","M","YES","NO","NO",6460,3214,9674
"PRESIDENTIAL","2014-04-05","FINAL","2014-05-15","34","NIMROZ","نیمروز",2,"101_1_19","Mohammad Daoud Sultanzoy","محمد داود سلطان زوی","خپلواک/مستقل","M","NO","NO","NO",293,144,437
"PRESIDENTIAL","2014-04-05","FINAL","2014-05-15","34","NIMROZ","نیمروز",3,"100_1_10","Abdul Rahim Wardak","عبدالرحیم وردک","خپلواک/مستقل","M","NO","NO","NO",134,113,247
"PRESIDENTIAL","2014-04-05","FINAL","2014-05-15","34","NIMROZ","نیمروز",4,"100_1_25","Abdul Qayum Karzai","عبدالقیوم کرزی","خپلواک/مستقل","M","NO","NO","NO",250,244,494
"PRESIDENTIAL","2014-04-05","FINAL","2014-05-15","34","NIMROZ","نیمروز",5,"101_1_13","Mohammad Ashraf Ghani Ahmadzai","محمد اشرف غنی احمدزی","خپلواک/مستقل","M","NO","YES","NO",10165,5397,15562
"PRESIDENTIAL","2014-04-05","FINAL","2014-05-15","34","NIMROZ","نیمروز",6,"101_1_16","Mohammad Nader Naeem","محمد نادر نعیم","خپلواک/مستقل","M","NO","NO","NO",216,171,387
"PRESIDENTIAL","2014-04-05","FINAL","2014-05-15","34","NIMROZ","نیمروز",7,"100_1_24","Zalmai Rasul","زلمی رسول","خپلواک/مستقل","M","NO","NO","NO",8773,5336,14109
"PRESIDENTIAL","2014-04-05","FINAL","2014-05-15","34","NIMROZ","نیمروز",8,"100_1_7","Eng. Qutbudin Hilal","انجنیر قطب الدین هلل","خپلواک/مستقل","M","NO","NO","NO",620,310,930
"PRESIDENTIAL","2014-04-05","FINAL","2014-05-15","34","NIMROZ","نیمروز",9,"100_1_28","Mohammad Sahfiq Gul Agha Sherzai","محمد شفیق گل آغا شیرزی","خپلواک/مستقل","M","NO","NO","NO",507,270,777
"PRESIDENTIAL","2014-04-05","FINAL","2014-05-15","34","NIMROZ","نیمروز",10,"100_1_4","Abdul Rab Rasul Sayaf","پروفیسور عبدرب الرسول سیاف","خپلواک/مستقل","M","NO","NO","NO",3153,1397,4550
"PRESIDENTIAL","2014-04-05","FINAL","2014-05-15","34","NIMROZ","نیمروز",11,"100_1_37","Hedayat Amin Arsala","هدایت امین ارسل","خپلواک/مستقل","M","NO","NO","NO",212,73,285
