"2019_IEC_province_code","2018_IEC_province_code","2014_IEC_province_code","2012_AGCHO_province_code","2010_IEC_province_code","2009_IEC_province_code","2019_IEC_district_code","2019_IEC_district_name_eng","2018_matched_to_2019_IEC_district_code","2018_IEC_district_code","2018_IEC_district_name_eng","2019_matched_to_2014_IEC_district_code","2014_IEC_district_code","2014_IEC_district_name_eng","2019_matched_to_2012_AGCHO_district_code","2012_AGCHO_district_code","2012_AGCHO_district_name_eng","2019_matched_to_2010_IEC_district_code","2010_IEC_district_code","2010_IEC_district_name_eng","2019_matched_to_2009_IEC_district_code","2009_IEC_district_code","2009_IEC_district_name_eng","X24"
"01","01","01","01","01","01","0101","KABUL CITY","0101","0101","KABUL","0101","0101","KABUL","0101","0101","KABUL","0101","0101","PROVINCIAL CENTER (KABUL)","0101","0101","KABUL",NA
"01","01","01","01","01","01","0102","PAGHMAN","0102","0102","PAGHMAN","0102","0102","PAGHMAN","0104","0104","PAGHMAN","0110","0110","PAGHMAN","0110","0110","PAGHMAN",NA
"01","01","01","01","01","01","0103","CHAHARASYAB","0103","0103","CHAH ARASYAB","0103","0103","CHAHARASYAB","0105","0105","CHAHARASYAB","0111","0111","CHAR ASIAB","0111","0111","CHAR ASIAB",NA
"01","01","01","01","01","01","0104","BAGRAMI","0104","0104","BAGRAMI","0104","0104","BAGRAMI","0107","0107","BAGRAMI","0114","0114","BAGRAMI","0114","0114","BAGRAMI",NA
"01","01","01","01","01","01","0105","DEHSABZ","0105","0105","DEH SABZ","0105","0105","DEHSABZ","0102","0102","DEHSABZ","0102","0102","DAHSABZ","0102","0102","DAHSABZ",NA
"01","01","01","01","01","01","0106","SHAKARDARA","0106","0106","SHAKARDARA","0106","0106","SHAKARDARA","0103","0103","SHAKARDARA","0109","0109","SHAKER DARAH","0109","0109","SHAKER DARAH",NA
"01","01","01","01","01","01","0107","MOSAHI","0107","0107","MOSAHI","0107","0107","MUSAYI","0106","0106","MUSAYI","0112","0112","MUSAHI","0112","0112","MUSAHI",NA
"01","01","01","01","01","01","0108","MIRBACHAKOT","0108","0108","MIR BACHA KOT","0108","0108","MIRBACHAKOT","0110","0110","MIRBACHAKOT","0103","0103","MIRBACHKOT","0103","0103","MIRBACHKOT",NA
"01","01","01","01","01","01","0109","KHAKEJABAR","0109","0109","KHAK-E-JABAR","0109","0109","KHAK-E- JABBAR","0112","0112","KHAK-E-JABBAR","0113","0113","KHAK-I-JABAR","0113","0113","KHAK-I-JABAR",NA
"01","01","01","01","01","01","0110","KALAKAN","0110","0110","KALAKAN","0110","0110","KALAKAN","0109","0109","KALAKAN","0104","0104","KALAKAN","0104","0104","KALAKAN",NA
"01","01","01","01","01","01","0111","GULDARA","0111","0111","GULDARA","0111","0111","GULDARA","0111","0111","GULDARA","0108","0108","GULDARA","0108","0108","GULDARA",NA
"01","01","01","01","01","01","0112","FARZA","0112","0112","FARZA","0112","0112","FARZA","0115","0115","FARZA","0106","0106","FARZA","0106","0106","FARZA",NA
"01","01","01","01","01","01","0113","ISTALIF","0113","0113","ISTALIF","0113","0113","ESTALEF","0114","0114","ESTALEF","0107","0107","ESTALEF","0107","0107","ESTALEF",NA
"01","01","01","01","01","01","0114","QARABAGH","0114","0114","QARABAGH","0114","0114","QARABAGH","0108","0108","QARABAGH","0105","0105","QARABAGH","0105","0105","QARABAGH",NA
"01","01","01","01","01","01","0115","SUROBI","0115","0115","SUROBI","0115","0115","SUROBI","0113","0113","SUROBI","0115","0115","SURUBI (KABUL)","0115","0115","SURUBI KABUL",NA
"02","02","02","02","02","02","0201","MAHMODRAQI","0201","0201","MAHMOD-E-RAQI","0201","0201","MAHMUD-E- RAQI","0201","0201","MAHMUD-E-RAQI","0201","0201","PROVINCIAL CENTER (MAHMOOD RAQI)","0201","0201","MAHMOOD RAQI",NA
"02","02","02","02","02","02","0202","HISSA-E-DUWUMI KOHISTAN","0202","0202","HISA-E-DUWUM-E-KOHISTAN","0202","0202","HISA-E- DUWUM-E- KOHESTAN","0204","0204","HISA-E-DUWUM-E-KOHESTAN","0202","0202","HESA DUWUM KOHISTAN","0202","0202","HESA DUWUM KOHISTAN",NA
"02","02","02","02","02","02","0203","KOHBAND","0203","0203","KOHBAND","0203","0203","KOHBAND","0203","0203","KOHBAND","0205","0205","KOH BAND","0205","0205","KOH BAND",NA
"02","02","02","02","02","02","0204","HESE  AWAL KOHESTAN","0204","0204","HISA-E-AWAL-E-KOHISTAN","0204","0204","HISA-E- AWAL-E- KOHESTAN","0207","0207","HISA-E-AWAL-E-KOHESTAN","0203","0203","KOHISTAN HESA AWAL","0203","0203","KOHISTAN HESA AWAL",NA
"02","02","02","02","02","02","0205","NEJRAB","0205","0205","NIJRAB","0205","0205","NEJRAB","0202","0202","NEJRAB","0204","0204","NAJRAB","0204","0204","NAJRAB",NA
"02","02","02","02","02","02","0206","TAGAB","0206","0206","TAGAB","0206","0206","TAGAB","0205","0205","TAGAB","0206","0206","TAGAB","0206","0206","TAGAB",NA
"02","02","02","02","02","02","0207","ALASAY","0207","0207","ALASAY","0207","0207","ALASAY","0206","0206","ALASAY","0207","0207","ALASI","0207","0207","ALASAI",NA
"03","03","03","03","03","03","0301","CHARIKAR","0301","0301","CHAREKAR","0301","0301","CHARIKAR","0301","0301","CHARIKAR","0301","0301","PROVINCIAL CENTER (CHARIKAR)","0301","0301","CHARIKAR",NA
"03","03","03","03","03","03","0302","BAGRAM","0302","0302","BAGRAM","0302","0302","BAGRAM","0304","0304","BAGRAM","0307","0307","BAGRAM","0307","0307","BAGRAM",NA
"03","03","03","03","03","03","0303","SHINWARI","0303","0303","SHENWARI","0303","0303","SHINWARI","0303","0303","SHINWARI","0305","0305","SHENWARI","0305","0305","SHENWARI",NA
"03","03","03","03","03","03","0304","SAYDKHEL","0304","0304","SAYD KHEL","0304","0304","SAYDKHEL","0305","0305","SAYDKHEL","0302","0302","SAYID KHAIL","0302","0302","SAYID KHAIL",NA
"03","03","03","03","03","03","0305","JABALUSARAJ","0305","0305","JABALUSSARAJ","0305","0305","JABALUSSARAJ","0302","0302","JABALUSSARAJ","0303","0303","JABUL SARAJ","0303","0303","JABUL SARAJ",NA
"03","03","03","03","03","03","0306","SALANG","0306","0306","SALANG","0306","0306","SALANG","0306","0306","SALANG","0304","0304","SALANK","0304","0304","SALANK",NA
"03","03","03","03","03","03","0307","GHORBAND (SIA GERD)","0307","0307","GHORBAND","0307","0307","SYAHGIRDI GHORBAND","0307","0307","GHORBAND","0306","0306","SEYAGERD GHORBAND","0306","0306","SEYAGERD GHORBAND",NA
"03","03","03","03","03","03","0308","KOHESAFI","0308","0308","KOH-E-SAFI","0308","0308","KOH-E- SAFI","0308","0308","KOH-E-SAFI","0308","0308","KOHE SAFI","0308","0308","KOHE SAFI",NA
"03","03","03","03","03","03","0309","SURKH PARSA","0309","0309","SURKH-E-PARSA","0309","0309","SURKH-E- PARSA","0310","0310","SURKH-E-PARSA","0310","0310","SORKH PARSA","0310","0310","SORKH PARSA",NA
"03","03","03","03","03","03","0310","SHIKHALI","0310","0310","SHEKH ALI","0310","0310","SHEKHALI","0309","0309","SHEKHALI","0309","0309","SHAIKH ALI","0309","0309","SHAIKH ALI",NA
"04","04","04","04","04","04","0401","MAYDANSHAHR","0401","0401","MAYDANSHAHR","0401","0401","MAYDANSHAHR","0401","0401","MAYDANSHAHR","0401","0401","PROVINCIAL CENTER (MAIDAN-SHAHR)","0401","0401","MAIDAN‐SHAHR",NA
"04","04","04","04","04","04","0402","NIRKH","0402","0402","NIRKH","0402","0402","NERKH","0403","0403","NERKH","0409","0409","NERKH","0409","0409","NERKH",NA
"04","04","04","04","04","04","0403","JALRIZ","0403","0403","JALREZ","0403","0403","JALREZ","0402","0402","JALREZ","0402","0402","JALRAIZ","0402","0402","JALRAIZ",NA
"04","04","04","04","04","04","0404","CHAK","0404","0404","CHAK","0404","0404","CHAK","0406","0406","CHAK","0407","0407","CHAK","0407","0407","CHAK",NA
"04","04","04","04","04","04","0405","SAYDABAD","0405","0405","SAYDABAD","0405","0405","SAYDABAD","0407","0407","SAYDABAD","0408","0408","SAYED ABAD","0408","0408","SAYED ABAD",NA
"04","04","04","04","04","04","0406","DAYMIRDAD","0406","0406","DAYMERDAD","0406","0406","DAYMIRDAD","0405","0405","DAYMIRDAD","0405","0405","DAIMIRDAD","0405","0405","DAIMIRDAD",NA
"04","04","04","04","04","04","0407","HISE AWAL BEHSOD","0407","0407","HISA-E-AWAL-E-BIHSOD","0407","0407","HESA-E- AWAL-E- BEHSUD","0404","0404","HESA-E-AWAL-E-BEHSUD","0403","0403","HESA-AWAL-BEHSUD","0403","0403","HESA‐AWAL‐BEHSUD",NA
"04","04","04","04","04","04","0408","JAGHATO","0408","0408","JAGHATO","0408","0408","JAGHATU","0409","0409","JAGHATU","0406","0406","JAGHATO","0406","0406","JAGHATO",NA
"04","04","04","04","04","04","0409","MARKAZ BIHSOD","0409","0409","MARKAZ-E-BIHSOD","0409","0409","MARKAZ-E-BEHSUD","0408","0408","MARKAZ-E-BEHSUD","0404","0404","MARKAZ-I-BEHSOD","0404","0404","MARKAZ‐I‐BEHSOD",NA
"05","05","05","05","05","05","0501","PULE ALAM","0501","0501","PUL-E-ALAM","0501","0501","PUL-E- ALAM","0501","0501","PUL-E-ALAM","0501","0501","PROVINCIAL CENTER (PULLE-ALAM)","0501","0501","PULLE‐ALAM",NA
"05","05","05","05","05","05","0502","BARAKIBARAK","0502","0502","BARAKI BARAK","0502","0502","BARAKIBARAK","0504","0504","BARAKIBARAK","0502","0502","BARAKIBARAK","0502","0502","BARAKIBARAK",NA
"05","05","05","05","05","05","0503","CHARKH","0503","0503","CHARKH","0503","0503","CHARKH","0505","0505","CHARKH","0503","0503","CHARKH","0503","0503","CHARKH",NA
"05","05","05","05","05","05","0504","KHOSHI","0504","0504","KHOSHI","0504","0504","KHOSHI","0502","0502","KHOSHI","0504","0504","KHUSHI","0504","0504","KHUSHI",NA
"05","05","05","05","05","05","0505","MUHAMMADAGHA","0505","0505","MUHAMMAD AGHA","0505","0505","MOHAMMADAGHA","0503","0503","MOHAMMADAGHA","0505","0505","MOHAMMAD AGHA","0505","0505","MOHAMMAD AGHA",NA
"05","05","05","05","05","05","0506","KHARWAR","0506","0506","KHARWAR","0506","0506","KHARWAR","0506","0506","KHARWAR","0506","0506","KHARWAR","0506","0506","KHARWAR",NA
"05","05","05","05","05","05","0507","AZRA","0507","0507","AZRA","0507","0507","AZRA","0507","0507","AZRA","0507","0507","AZRAW","0507","0507","AZRAW",NA
"06","06","06","06","10","10","0601","JALALABAD","0601","0601","JALALABAD","0601","0601","JALALABAD","0601","0601","JALALABAD","1001","1001","PROVINCIAL CENTER (JALALABAD )","1001","1001","JALALABAD",NA
"06","06","06","06","10","10","0602","BIHSOD","0602","0602","BIHSOD","0602","0602","BEHSUD","0602","0602","BEHSUD","1002","1002","BEHSOOD","1002","1002","BEHSOOD",NA
"06","06","06","06","10","10","0603","SURKHROD","0603","0603","SURKHROD","0603","0603","SURKHROD","0603","0603","SURKHROD","1003","1003","SURKHROD","1003","1003","SURKHROD",NA
"06","06","06","06","10","10","0604","CHAPARHAR","0604","0604","CHAPARHAR","0604","0604","CHAPARHAR","0605","0605","CHAPARHAR","1004","1004","CHIPERHAR","1004","1004","CHIPERHAR",NA
"06","06","06","06","10","10","0605","KAMA","0605","0605","KAMA","0605","0605","KAMA","0607","0607","KAMA","1006","1006","KAMA","1006","1006","KAMA",NA
"06","06","06","06","10","10","0606","KOZ KUNAR","0606","0606","KOZKUNAR","0606","0606","KUZKUNAR","0608","0608","KUZKUNAR","1007","1007","KOOZ KONAR","1007","1007","KOOZ KONAR",NA
"06","06","06","06","10","10","0607","RODAT","0607","0607","RODAT","0607","0607","RODAT","0606","0606","RODAT","1005","1005","RODAT","1005","1005","RODAT",NA
"06","06","06","06","10","10","0608","KHOGYANI","0608","0608","KHOGYANI","0608","0608","KHOGYANI","0604","0604","KHOGYANI","1011","1011","KHOGYANI","1011","1011","KHOGYANI",NA
"06","06","06","06","10","10","0609","BATIKOT","0609","0609","BATIKOT","0609","0609","BATIKOT","0615","0615","BATIKOT","1019","1019","BATI KOT","1019","1019","BATI KOT",NA
"06","06","06","06","10","10","0610","DEHBALA","0610","0610","DEHBALA","0610","0610","DEHBALA","0613","0613","DEHBALA","1013","1013","DAHBALA","1013","1013","DAHBALA",NA
"06","06","06","06","10","10","0611","PACHERAGAM","0611","0611","PACHER AGAM","0611","0611","PACHIERAGAM","0612","0612","PACHIERAGAM","1012","1012","PACHAR WAGAM","1012","1012","PACHAR WAGAM",NA
"06","06","06","06","10","10","0612","DARA NOOR","0612","0612","DARA-E-NOR","0612","0612","DARA-E-NUR","0609","0609","DARA-E-NUR","1008","1008","DARAH NOOR","1008","1008","DARAH NOOR",NA
"06","06","06","06","10","10","0613","KOT","0613","0613","KOT","0613","0613","KOT","0614","0614","KOT","1014","1014","KOTT","1014","1014","KOTT",NA
"06","06","06","06","10","10","0614","GOSHTA","0614","0614","GOSHTA","0614","0614","GOSHTA","0616","0616","GOSHTA","1021","1021","GOSHTA","1021","1021","GOSHTA",NA
"06","06","06","06","10","10","0615","ACHEEN","0615","0615","ACHEN","0615","0615","ACHIN","0617","0617","ACHIN","1015","1015","ACHIN","1015","1015","ACHIN",NA
"06","06","06","06","10","10","0616","SHINWAR","0616","0616","SHENWAR","0616","0616","SHINWAR","0618","0618","SHINWAR","1018","1018","SHENWAR","1018","1018","SHENWAR",NA
"06","06","06","06","10","10","0617","MUHMAND DARA","0617","0617","MUHMAND DARA","0617","0617","MUHMAND DARA","0619","0619","MUHMAND DARA","1020","1020","MUHMAND DARA","1020","1020","MUHMAND DARA",NA
"06","06","06","06","10","10","0618","LAL POOR","0618","0618","LALPOR","0618","0618","LALPUR","0620","0620","LALPUR","1022","1022","LALPOOR","1022","1022","LALPOOR",NA
"06","06","06","06","10","10","0619","SHIRZAD","0619","0619","SHERZAD","0619","0619","SHERZAD","0611","0611","SHERZAD","1009","1009","SHIRZAD","1009","1009","SHIRZAD",NA
"06","06","06","06","10","10","0620","NAZYAN","0620","0620","NAZYAN","0620","0620","NAZYAN","0621","0621","NAZYAN","1016","1016","NAZYAN","1016","1016","NAZYAN",NA
"06","06","06","06","10","10","0621","HISARAK","0621","0621","HISARAK","0621","0621","HESARAK","0610","0610","HESARAK","1010","1010","HESARAK","1010","1010","HESARAK",NA
"06","06","06","06","10","10","0622","DURBABA","0622","0622","DURBABA","0622","0622","DURBABA","0622","0622","DURBABA","1017","1017","DUR BABA","1017","1017","DUR BABA",NA
"06","06",NA,"06",NA,NA,"0623","SPIN GHAR","0623","0623","SPINGHAR","0615",NA,NA,"0617",NA,NA,"1015",NA,NA,"1015",NA,NA,NA
"07","07","07","07","12","12","0701","MEHTARLAM","0701","0701","MIHTARLAM","0701","0701","MEHTARLAM","0701","0701","MEHTARLAM","1201","1201","PROVINCIAL CENTER (MEHTERLAM)","1201","1201","MEHTERLAM",NA
"07","07","07","07","12","12","0702","QARGHAYE","0702","0702","QARGHAYI","0702","0702","QARGHAYI","0703","0703","QARGHAYI","1202","1202","QARGHAI","1202","1202","QARGHAI",NA
"07","07","07","07","12","12","0703","ALISHENG","0703","0703","ALISHANG","0703","0703","ALISHANG","0702","0702","ALISHANG","1204","1204","ALISHING","1204","1204","ALISHING",NA
"07","07","07","07","12","12","0704","ALINGAR","0704","0704","ALINGAR","0704","0704","ALINGAR","0704","0704","ALINGAR","1203","1203","ALINGAR","1203","1203","ALINGAR",NA
"07","07","07","07","12","12","0705","DAWLATSHAH","0705","0705","DAWLATSHAH","0705","0705","DAWLATSHAH","0705","0705","DAWLATSHAH","1205","1205","DAWLAT SHAH","1205","1205","DAWLAT SHAH",NA
"07","07","07","07",NA,NA,"0706","BAD PAKH","0706","0706","BADPAKH","0706","0706","BADPAKH","0701",NA,NA,"1201",NA,NA,"1201",NA,NA,NA
"08","08","08","08","33","33","0801","BAZARAK","0801","0801","BAZARAK","0801","0801","BAZARAK","0801","0801","BAZARAK","3301","3301","BAZARAK","3301","3301","BAZARAK",NA
"08","08","08","08","33","33","0802","RUKHA","0802","0802","RUKHA","0802","0802","RUKHA","0803","0803","RUKHA","3302","3302","ROKHA","3302","3302","ROKHA",NA
"08","08","08","08","33","33","0803","DARA","0803","0803","DARA","0803","0803","DARA","0804","0804","DARA","3304","3304","DARAH","3304","3304","DARAH",NA
"08","08","08","08","33","33","0804","KHENJ (HESAE AWAL)","0804","0804","KHINJ","0804","0804","KHENJ (HES-E- AWAL)","0805","0805","KHENJ","3305","3305","HESSA-E-AWAL","3305","3305","HESSA‐E‐AWAL",NA
"08","08","08","08","33","33","0805","ONABA","0805","0805","ONABA","0805","0805","ONABA(ANAWA)","0806","0806","ONABA","3303","3303","ANABA","3303","3303","ANABA",NA
"08","08","08","08","33","33","0806","SHUTUL","0806","0806","SHUTUL","0806","0806","SHUTUL","0802","0802","SHUTUL","3306","3306","SHATAL","3306","3306","SHATAL",NA
"08","08","08","08","33","33","0807","PARYAN","0807","0807","PARYAN","0807","0807","PARYAN","0807","0807","PARYAN","3307","3307","PAREYIAN","3307","3307","PAREYIAN",NA
"08","08","08","08",NA,NA,"0808","ABSHAR","0808","0808","ABSHAR","0808","0808","ABSHAR","0804",NA,NA,"3304",NA,NA,"3304",NA,NA,NA
"09","09","09","09","16","16","0901","PULE KHUMRI","0901","0901","PUL-E-KHUMRI","0901","0901","PUL-E- KHUMRI","0901","0901","PUL-E-KHUMRI","1601","1601","PROVINCIAL CENTER (PUL-I-KHUMRI)","1601","1601","PUL‐I‐KHUMRI",NA
"09","09","09","09","16","16","0902","DAHANAE GHORI","0902","0902","DAHANA-E-GHORI","0902","0902","DAHANA-E-GHORI","0903","0903","DAHANA-E-GHORI","1603","1603","DHANA-I-GHORI","1603","1603","DHANA‐I‐GHORI",NA
"09","09","09","09","16","16","0903","DOSHI","0903","0903","DOSHI","0903","0903","DOSHI","0904","0904","DOSHI","1604","1604","DOOSHI","1604","1604","DOOSHI",NA
"09","09","09","09","16","16","0904","NAHREEN","0904","0904","NAHREN","0904","0904","NAHRIN","0905","0905","NAHRIN","1607","1607","NAHREEN","1607","1607","NAHREEN",NA
"09","09","09","09","16","16","0905","BAGHLAN JADID","0905","0905","BAGHLAN-E-JADID","0905","0905","BAGHLAN-E-JADID","0902","0902","BAGHLAN-E-JADID","1602","1602","BAGHLAN JADEED","1602","1602","BAGHLAN JADEED",NA
"09","09","09","09","16","16","0906","KHINJAN","0906","0906","KHINJAN","0906","0906","KHENJAN","0907","0907","KHENJAN","1605","1605","KHENJAN","1605","1605","KHENJAN",NA
"09","09","09","09","16","16","0907","ANDARAB","0907","0907","ANDARAB","0907","0907","ANDARAB","0908","0908","ANDARAB","1606","1606","BANO ANDARAB","1606","1606","BANO ANDARAB",NA
"09","09","09","09","16","16","0908","DEHSALAH","0908","0908","DEH SALAH","0908","0908","DEHSALAH","0912","0912","DEHSALAH","1611","1611","DEHE SALAH","1611","1611","DEHE SALAH",NA
"09","09","09","09","16","16","0909","KHWAJAHEJRAN","0909","0909","KHWAJA HIJRAN","0909","0909","KHWAJAHEJRAN","0909","0909","KHWAJAHEJRAN","1612","1612","JELGA (KHWAJA HEJRAN)","1612","1612","JELGA KHWAJA HEJRAN",NA
"09","09","09","09","16","16","0910","BORKA","0910","0910","BORKA","0910","0910","BURKA","0910","0910","BURKA","1608","1608","BORKA","1608","1608","BORKA",NA
"09","09","09","09","16","16","0911","TALA WA BARFAK","0911","0911","TALA WA BARFAK","0911","0911","TALA WA BARFAK","0906","0906","TALA WA BARFAK","1609","1609","TALA-O-BARFAK","1609","1609","TALA‐O‐BARFAK",NA
"09","09","09","09","16","16","0912","PULE HESAR","0912","0912","PUL-E-HISAR","0912","0912","PUL-E-HESAR","0911","0911","PUL-E-HESAR","1610","1610","PUL-I-HESAR","1610","1610","PUL‐I‐HESAR",NA
"09","09","09","09","16","16","0913","KHOST WA FERENG","0913","0913","KHOST WA FIRING","0913","0913","KHOST WA FERENG","0913","0913","KHOST WA FERENG","1613","1613","KHOST-O-FERENG","1613","1613","KHOST‐O‐FERENG",NA
"09","09","09","09","16","16","0914","GUZARGAHE NOOR","0914","0914","GUZARGAH-E-NOR","0914","0914","GUZARGAH-E- NUR","0914","0914","GUZARGAH-E-NUR","1615","1615","GOZAR-GAHE-NOOR","1615","1615","GOZAR‐GAHE‐NOOR",NA
"09","09","09","09","16","16","0915","FIRING GHARO","0915","0915","FIRING GHARO","0915","0915","FERENG WA GHARU","0915","0915","FERENG WA GHARU","1614","1614","FRENG-GHARO","1614","1614","FRENG‐GHARO",NA
"10","10","10","10","32","32","1001","BAMYAN","1001","1001","BAMYAN","1001","1001","BAMYAN","1001","1001","BAMYAN","3201","3201","PROVINCE CENTER(MARKAZ-WOLLAYAT)","3201","3201","PROVINCE CENTERMARKAZ‐WOLLAYAT",NA
"10","10","10","10","32","32","1002","SHEBAR","1002","1002","SHEBAR","1002","1002","SHIBAR","1005","1005","SHIBAR","3202","3202","SHEBAR","3202","3202","SHEBAR",NA
"10","10","10","10","32","32","1003","SAYGHAN","1003","1003","SAYGHAN","1003","1003","SAYGHAN","1002","1002","SAYGHAN","3203","3203","SAIGHAN","3203","3203","SAIGHAN",NA
"10","10","10","10","32","32","1004","KAHMARD","1004","1004","KAHMARD","1004","1004","KAHMARD","1006","1006","KAHMARD","3204","3204","KOHMARD","3204","3204","KOHMARD",NA
"10","10","10","10","32","32","1005","YAKAWLANG","1005","1005","YAKAWLANG","1005","1005","YAKAWLANG","1003","1003","YAKAWLANG","3205","3205","YAKAWULANG","3205","3205","YAKAWULANG",NA
"10","10","10","10","32","32","1006","PANJAB","1006","1006","PANJAB","1006","1006","PANJAB","1004","1004","PANJAB","3206","3206","PANJAB","3206","3206","PANJAB",NA
"10","10","10","10","32","32","1007","WARAS","1007","1007","WARAS","1007","1007","WARAS","1007","1007","WARAS","3207","3207","WARAS","3207","3207","WARAS",NA
"10","10",NA,"10",NA,NA,"1008","YAKAWLANG NUMBER 2","1008","1008","YAKAWLANG NO. 2","1005",NA,NA,"1003",NA,NA,"3205",NA,NA,"3205",NA,NA,NA
"11","11","11","11","06","06","1101","GHAZNI","1101","1101","GHAZNI","1101","1101","GHAZNI","1101","1101","GHAZNI","0601","0601","PROVINCIAL CENTER (GHAZNI)","0601","0601","GHAZNI",NA
"11","11","11","11","06","06","1102","WALEMUHAMMAD SHAHEED","1102","1102","WALEMUHAMMAD-E-SHAHED","1102","1102","WALIMUHAMMAD-E- SHAHID","1103","1103","WALIMUHAMMAD-E-SHAHID","0606","0606","SHAHIDM-WALI-KHOGYANI","0606","0606","SHAHIDM‐WALI‐KHOGYANI",NA
"11","11","11","11","06","06","1103","KHWAJAUMARI","1103","1103","KHWAJA UMARI","1103","1103","KHWAJAUMARI","1102","1102","KHWAJAUMARI","0604","0604","KHOWJA OMERY","0604","0604","KHOWJA OMERY",NA
"11","11","11","11","06","06","1104","WAGHAZ","1104","1104","WAGHAZ","1104","1104","WAGHAZ","1104","1104","WAGHAZ","0608","0608","WAGHAZ","0608","0608","WAGHAZ",NA
"11","11","11","11","06","06","1105","DEHYAK","1105","1105","DEHYAK","1105","1105","DEHYAK","1106","1106","DEHYAK","0602","0602","DAH YAK","0602","0602","DAH YAK",NA
"11","11","11","11","06","06","1106","JAGHATO","1106","1106","JAGHATO","1106","1106","JAGHATU","1109","1109","JAGHATU","0607","0607","JAGHATOO","0607","0607","JAGHATOO",NA
"11","11","11","11","06","06","1107","ANDAR","1107","1107","ANDAR","1107","1107","ANDAR","1105","1105","ANDAR","0611","0611","ANDER","0611","0611","ANDER",NA
"11","11","11","11","06","06","1108","ZANAKHAN","1108","1108","ZANAKHAN","1108","1108","ZANAKHAN","1107","1107","ZANAKHAN","0603","0603","ZANA KHAN","0603","0603","ZANA KHAN",NA
"11","11","11","11","06","06","1109","RASHEEDAN","1109","1109","RASHEDAN","1109","1109","RASHIDAN","1108","1108","RASHIDAN","0605","0605","RASHIDAN","0605","0605","RASHIDAN",NA
"11","11","11","11","06","06","1110","NAWUR","1110","1110","NAWUR","1110","1110","NAWUR","1112","1112","NAWUR","0612","0612","NAWUR","0612","0612","NAWUR",NA
"11","11","11","11","06","06","1111","QARABAGH","1111","1111","QARABAGH","1111","1111","QARABAGH","1110","1110","QARABAGH","0609","0609","QARA BAGH","0609","0609","QARA BAGH",NA
"11","11","11","11","06","06","1112","GEERO","1112","1112","GERO","1112","1112","GIRO","1111","1111","GIRO","0610","0610","GIRO","0610","0610","GIRO",NA
"11","11","11","11","06","06","1113","AB BAND","1113","1113","AB BAND","1113","1113","ABBAND","1115","1115","ABBAND","0617","0617","AB BAND","0617","0617","AB BAND",NA
"11","11","11","11","06","06","1114","JAGHORI","1114","1114","JAGHORI","1114","1114","JAGHURI","1113","1113","JAGHURI","0615","0615","JAGHORI","0615","0615","JAGHORI",NA
"11","11","11","11","06","06","1115","MUQUR","1115","1115","MUQUR","1115","1115","MUQUR","1114","1114","MUQUR","0616","0616","MUQUR (GHAZNI)","0616","0616","MUQUR GHAZNI",NA
"11","11","11","11","06","06","1116","MALESTAN","1116","1116","MALISTAN","1116","1116","MALESTAN","1117","1117","MALESTAN","0614","0614","MALESTAN","0614","0614","MALESTAN",NA
"11","11","11","11","06","06","1117","GELAN","1117","1117","GELAN","1117","1117","GELAN","1118","1118","GELAN","0618","0618","GELLAN","0618","0618","GELLAN",NA
"11","11","11","11","06","06","1118","AJRESTAN","1118","1118","AJRISTAN","1118","1118","AJRESTAN","1116","1116","AJRESTAN","0613","0613","AJRESTAN","0613","0613","AJRESTAN",NA
"11","11",NA,"11","06","06","1119","NAWA","1119","1119","NAWA",NA,NA,NA,"1119","1119","NAWA","0619","0619","NAWA","0619","0619","NAWA",NA
"12","12","12","25","07","07","1201","SHARAN","1201","1201","SHARAN","1201","1201","SHARAN","2501","2501","SHARAN","0701","0701","PROVINCIAL CENTER (SHARAN)","0701","0701","SHARAN",NA
"12","12","12","25","07","07","1202","MATAKHAN","1202","1202","MATAKHAN","1202","1202","MATAKHAN","2502","2502","MATAKHAN","0702","0702","MATA KHAN","0702","0702","MATA KHAN",NA
"12","12","12","25","07","07","1203","YOSUFKHEL","1203","1203","YOSUF KHEL","1203","1203","YOSUFKHEL","2503","2503","YOSUFKHEL","0703","0703","YOSEF KHEIL","0703","0703","YOSEF KHEIL",NA
"12","12","12","25","07","07","1204","YAHYAKHEL","1204","1204","YAHYA KHEL","1204","1204","YAHYAKHEL","2506","2506","YAHYAKHEL","0704","0704","YAHYA KHEIL","0704","0704","YAHYA KHEIL",NA
"12","12","12","25","07","07","1205","SAR RAWZA","1205","1205","SAR RAWZAH","1205","1205","SARRAWZAH(SARHAWZAH)","2504","2504","SARRAWZAH","0706","0706","SAR RAWZA","0706","0706","SAR RAWZA",NA
"12","12","12","25","07","07","1206","OMNA","1206","1206","OMNA","1206","1206","OMNA","2507","2507","OMNA","0705","0705","OMANAH","0705","0705","OMANAH",NA
"12","12","12","25","07","07","1207","ZARGHONSHAHR","1207","1207","ZARGHON SHAHR","1207","1207","ZARGHUNSHAHR","2505","2505","ZARGHUNSHAHR","0707","0707","ZARGHOON SHAHER","0707","0707","ZARGHOON SHAHER",NA
"12","12","12","25","07","07","1208","GOMAL","1208","1208","GOMAL","1208","1208","GOMAL","2508","2508","GOMAL","0709","0709","GOMAL","0709","0709","GOMAL",NA
"12","12","12","25","07","07","1209","JANIKHEL","1209","1209","JANIKHEL","1209","1209","JANIKHEL","2512","2512","JANIKHEL","0708","0708","JANI KHEIL (PAKTIKA)","0708","0708","JANI KHEIL PAKTIKA",NA
"12","12","12","25","07","07","1210","SAROBI","1210","1210","SAROBI","1210","1210","SAROBI","2509","2509","SAROBI","0710","0710","SURUBI (PAKTIKA)","0710","0710","SURUBI PAKTIKA",NA
"12","12","12","25","07","07","1211","URGUN","1211","1211","URGUN","1211","1211","URGUN","2510","2510","URGUN","0711","0711","URGOON","0711","0711","URGOON",NA
"12","12","12","25","07","07","1212","‌‌ZEEROK‌‎‌‎‌‎‌‎","1212","1212","‌‌ZEROK‌‎‌‎‌‎","1212","1212","ZIRUK","2517","2517","ZIRUK","0712","0712","ZIROK","0712","0712","ZIROK",NA
"12","12","12","25","07","07","1213","NEEKA‌‎‌‎‌‎‌‎","1213","1213","NEKA‌‎‌‎‌‎‌‎","1213","1213","NAKA","2511","2511","NAKA","0713","0713","NIKA","0713","0713","NIKA",NA
"12","12","12","25","07","07","1214","BARAL","1214","1214","BIRMIL","1214","1214","BERMEL","2515","2515","BERMEL","0718","0718","BARMAL","0718","0718","BARMAL",NA
"12","12","12","25","07","07","1215","GYAN","1215","1215","GYAN","1215","1215","GYAN","2516","2516","GYAN","0719","0719","GAYAN","0719","0719","GAYAN",NA
"12","12","12","25","07","07","1216","DELA","1216","1216","DELA","1216","1216","DILA","2518","2518","DILA","0714","0714","DELA","0714","0714","DELA",NA
"12","12","12","25","07","07","1217","WAZAKHUA","1217","1217","WAZAKHAH","1217","1217","WAZAKHAH","2513","2513","WAZAKHAH","0715","0715","WAZAKHWA","0715","0715","WAZAKHWA",NA
"12","12","12","25","07","07","1218","WORMAMAY","1218","1218","WORMAMAY","1218","1218","WORMAMAY","2514","2514","WORMAMAY","0717","0717","WARMAMAI","0717","0717","WARMAMAI",NA
"12","12","12","25","07","07","1219","TURWO","1219","1219","TURWO","1219","1219","TURWO (TARWE)","2519","2519","TURWO","0716","0716","TURWU","0716","0716","TURWU",NA
"13","13","13","12","08","08","1301","GARDEZ","1301","1301","GARDEZ","1301","1301","GARDEZ","1201","1201","GARDEZ","0801","0801","PROVINCIAL CENTER (GARDEIZ)","0801","0801","GARDEIZ",NA
"13","13","13","12","08","08","1302","AHMADABA","1302","1302","AHMADABAD","1302","1302","AHMADABA","1203","1203","AHMADABA","0811","0811","AHMAD ABAD","0811","0811","AHMAD ABAD",NA
"13","13","13","12","08","08","1303","ZURMAT","1303","1303","ZURMAT","1303","1303","ZURMAT","1204","1204","ZURMAT","0803","0803","ZURMAT","0803","0803","ZURMAT",NA
"13","13","13","12","08","08","1304","SHUWAK","1304","1304","SHAWAK","1304","1304","SHAWAK","1205","1205","SHAWAK","0804","0804","SHAWAK","0804","0804","SHAWAK",NA
"13","13","13","12","08","08","1305","ZADRAN","1305","1305","ZADRAN","1305","1305","ZADRAN","1206","1206","ZADRAN","0805","0805","WAZA ZADRAN","0805","0805","WAZA ZADRAN",NA
"13","13","13","12","08","08","1306","SAYEDKARAM","1306","1306","SAYED KARAM","1306","1306","SAYEDKARAM","1202","1202","SAYEDKARAM","0802","0802","SAID KARAM","0802","0802","SAID KARAM",NA
"13","13","13","12","08","08","1307","JAJEE","1307","1307","JAJI","1307","1307","ALIKHEL (JAJI)","1208","1208","ALIKHEL","0810","0810","JAJI","0810","0810","JAJI",NA
"13","13","13","12","08","08","1308","LEJA AHMADKHEL","1308","1308","LIJA AHMADKHEL","1308","1308","LIJA AHMAD KHEL","1207","1207","LIJA AHMAD KHEL","0806","0806","LAJA AHMAD KHEIL","0806","0806","LAJA AHMAD KHEIL",NA
"13","13","13","12","08","08","1309","JANIKHEL","1309","1309","JANI KHEL","1309","1309","JANIKHEL","1209","1209","JANIKHEL","0807","0807","JANI KHEIL (PAKTIA)","0807","0807","JANI KHEIL PAKTIA",NA
"13","13","13","12","08","08","1310","CHAMKANI","1310","1310","CHAMKANI","1310","1310","CHAMKANI","1210","1210","CHAMKANI","0809","0809","SAMKANAI","0809","0809","SAMKANAI",NA
"13","13","13","12","08","08","1311","DAND WA PATAN","1311","1311","DAND WA PATAN","1311","1311","DAND WA PATAN","1211","1211","DAND WA PATAN","0808","0808","DAND PATAN","0808","0808","DAND PATAN",NA
"13","13","13","12",NA,NA,"1312","LEJAMANGAL","1312","1312","LIJA MANGAL","1312","1312","LAJA MANGAL","1207",NA,NA,"0806",NA,NA,"0806",NA,NA,NA
"13","13","13","12",NA,NA,"1313","MEARZAKA","1313","1313","MERZAKA","1313","1313","MIRZAKA","1202",NA,NA,"0802",NA,NA,"0802",NA,NA,NA
"13","13",NA,"12",NA,NA,"1314","GARDA SIRAY","1314","1314","GARDA SIRAY","1305",NA,NA,"1206",NA,NA,"0805",NA,NA,"0805",NA,NA,NA
"13","13",NA,"12",NA,NA,"1315","ROHANI BABA","1315","1315","ROHANI BABA","1303",NA,NA,"1204",NA,NA,"0803",NA,NA,"0803",NA,NA,NA
"14","14","14","26","09","09","1401","KHOST (MATON)","1401","1401","MATON","1401","1401","KHOST(MATUN)","2601","2601","KHOST","0901","0901","PROVINCIAL CENTER (KHOST)","0901","0901","KHOST",NA
"14","14","14","26","09","09","1402","MANDOZAY","1402","1402","MANDOZAYI","1402","1402","MANDOZAYI","2605","2605","MANDOZAYI","0909","0909","MANDOZAYI","0909","0909","MANDOZAYI",NA
"14","14","14","26","09","09","1403","GURBUZ","1403","1403","GURBUZ","1403","1403","GURBUZ","2607","2607","GURBUZ","0913","0913","GURBUZ","0913","0913","GURBUZ",NA
"14","14","14","26","09","09","1404","TANI","1404","1404","TANI","1404","1404","TANI","2606","2606","TANI","0912","0912","TANAI","0912","0912","TANAI",NA
"14","14","14","26","09","09","1405","MOSAKHEL","1405","1405","MOSA KHEL","1405","1405","MUSAKHEL","2603","2603","MUSAKHEL","0906","0906","MUSA KHEIL","0906","0906","MUSA KHEIL",NA
"14","14","14","26","09","09","1406","NADIRSHAHKOT","1406","1406","NADIR SHAH KOT","1406","1406","NADIRSHAHKOT","2604","2604","NADIRSHAHKOT","0908","0908","NADERSHAH KOTT","0908","0908","NADERSHAH KOTT",NA
"14","14","14","26","09","09","1407","SABARI","1407","1407","SABARI","1407","1407","SABARI","2602","2602","SABARI","0905","0905","SABARI","0905","0905","SABARI",NA
"14","14","14","26","09","09","1408","TIREZAYE","1408","1408","TIREZAYI","1408","1408","TEREZAYI(ALI SHER)","2608","2608","TEREZAYI","0902","0902","TERZAYI","0902","0902","TERZAYI",NA
"14","14","14","26","09","09","1409","BAK","1409","1409","BAK","1409","1409","BAK","2612","2612","BAK","0903","0903","BAK","0903","0903","BAK",NA
"14","14","14","26","09","09","1410","QALANDAR","1410","1410","QALANDAR","1410","1410","QALANDAR","2609","2609","QALANDAR","0907","0907","QALANDER","0907","0907","QALANDER",NA
"14","14","14","26","09","09","1411","SPERA","1411","1411","SPERA","1411","1411","SPERA","2611","2611","SPERA","0911","0911","ESPERA","0911","0911","ESPERA",NA
"14","14","14","26","09","09","1412","SHAMAL","1412","1412","SHAMAL","1412","1412","SHAMAL","2610","2610","SHAMAL","0910","0910","SHEMAL","0910","0910","SHEMAL",NA
"14","14","14","26","09","09","1413","JAJIMAYDAN","1413","1413","JAJI MAYDAN","1413","1413","JAJIMAYDAN","2613","2613","JAJIMAYDAN","0904","0904","JAJI MAIDAN","0904","0904","JAJI MAIDAN",NA
"15","15","15","13","11","11","1501","ASADABAD","1501","1501","ASADABAD","1501","1501","ASADABAD","1301","1301","ASADABAD","1101","1101","PROVINCIAL CENTER (ASAD ABAD)","1101","1101","ASAD ABAD",NA
"15","15","15","13","11","11","1502","MARAWARA","1502","1502","MARAWARA","1502","1502","MARAWARA","1305","1305","MARAWARA","1106","1106","MURWARA","1106","1106","MURWARA",NA
"15","15","15","13","11","11","1503","WATAPOOR","1503","1503","WATAPOR","1503","1503","WATAPUR","1302","1302","WATAPUR","1102","1102","WATAPOOR","1102","1102","WATAPOOR",NA
"15","15","15","13","11","11","1504","NARANG","1504","1504","NARANG","1504","1504","NARANG","1303","1303","NARANG","1104","1104","NARANG WA BADIL (TARANGO BADIL)","1104","1104","NARANG WA BADIL TARANGO BADIL",NA
"15","15","15","13","11","11","1505","SARKANI","1505","1505","SARKANI","1505","1505","SARKANI","1304","1304","SARKANI","1105","1105","SAR KANI","1105","1105","SAR KANI",NA
"15","15","15","13","11","11","1506","SHEGAL","1506","1506","SHEGAL","1506","1506","SHIGAL WA SHELTAN","1306","1306","SHIGAL WA SHELTAN","1109","1109","SHIGAL-WA-SHELTAN","1109","1109","SHIGAL‐WA‐SHELTAN",NA
"15","15","15","13","11","11","1507","DARAE PECH","1507","1507","DARA-E-PECH","1507","1507","DARA-E-PECH","1307","1307","DARA-E-PECH","1103","1103","DAREH PEICH","1103","1103","DAREH PEICH",NA
"15","15","15","13","11","11","1508","BARKUNAR","1508","1508","BARKUNAR","1508","1508","BARKUNAR","1311","1311","BARKUNAR","1108","1108","BAR KUNAR","1108","1108","BAR KUNAR",NA
"15","15","15","13","11","11","1509","SAWKAY","1509","1509","CHAWKAY","1509","1509","CHAWKAY","1308","1308","CHAWKAY","1112","1112","CHAWKI","1112","1112","CHAWKI",NA
"15","15","15","13","11","11","1510","KHASKUNAR","1510","1510","KHAS KUNAR","1510","1510","KHASKUNAR","1309","1309","KHASKUNAR","1113","1113","KHAS KUNAR","1113","1113","KHAS KUNAR",NA
"15","15","15","13","11","11","1511","GHAZIABAD","1511","1511","GHAZIABAD","1511","1511","GHAZIABAD","1312","1312","GHAZIABAD","1115","1115","GHAZI ABAD","1115","1115","GHAZI ABAD",NA
"15","15","15","13","11","11","1512","DANGAM","1512","1512","DANGAM","1512","1512","DANGAM","1310","1310","DANGAM","1107","1107","DANGAM","1107","1107","DANGAM",NA
"15","15","15","13","11","11","1513","CHAPADARA","1513","1513","CHAPADARA","1513","1513","CHAPADARA","1313","1313","CHAPADARA","1110","1110","CHAPA DARA","1110","1110","CHAPA DARA",NA
"15","15","15","13","11","11","1514","NORGAL","1514","1514","NORGAL","1514","1514","NURGAL","1314","1314","NURGAL","1111","1111","NOOR GOOL","1111","1111","NOOR GOOL",NA
"15","15","15","13","11","11","1515","NARI","1515","1515","NARI","1515","1515","NARI","1315","1315","NARI","1114","1114","NARAI","1114","1114","NARAI",NA
"15","15",NA,"13",NA,NA,"1516","SHELTAN","1516","1516","SHELTAN","1506",NA,NA,"1306",NA,NA,"1109",NA,NA,"1109",NA,NA,NA
"16","16","16","14","13","13","1601","PAROON","1601","1601","PARON","1601","1601","PORUNS","1401","1401","PORUNS","1301","1301","PROVINCIAL CENTER (NOORISTAN)","1301","1301","NOORISTAN",NA
"16","16","16","14","13","13","1602","WAYGAL","1602","1602","WAYGAL","1602","1602","WAYGAL","1406","1406","WAYGAL","1304","1304","WAIGAL","1304","1304","WAIGAL",NA
"16","16","16","14","13","13","1603","WAMA","1603","1603","WAMA","1603","1603","WAMA","1405","1405","WAMA","1305","1305","WAMA","1305","1305","WAMA",NA
"16","16","16","14","13","13","1604","NOORGERAM","1604","1604","NOR GIRAM","1604","1604","NURGERAM","1404","1404","NURGERAM","1302","1302","NOOR GRAM","1302","1302","NOOR GRAM",NA
"16","16","16","14","13","13","1605","DOAB","1605","1605","DOAB","1605","1605","DUAB","1403","1403","DUAB","1303","1303","DUABA","1303","1303","DUABA",NA
"16","16","16","14","13","13","1606","KAMDESH","1606","1606","KAMDESH","1606","1606","KAMDESH","1407","1407","KAMDESH","1307","1307","KAMDESH","1307","1307","KAMDESH",NA
"16","16",NA,"14","13","13","1607","MANDOL","1607","1607","MANDOL",NA,NA,NA,"1402","1402","MANDOL","1306","1306","MONDAWEL","1306","1306","MONDAWEL",NA
"16","16","16","14","13","13","1608","BARGEMATAL","1608","1608","BARG-E-MATAL","1608","1608","BARG-E- MATAL","1408","1408","BARG-E-MATAL","1308","1308","BARGUMTAL","1308","1308","BARGUMTAL",NA
"17","17","17","15","14","14","1701","FAYZABAD","1701","1701","FAYZABAD","1701","1701","FAYZABAD","1501","1501","FAYZABAD","1401","1401","FAIZ ABAD","1401","1401","FAIZ ABAD",NA
"17","17","17","15","14","14","1702","ARGO","1702","1702","ARGO","1702","1702","ARGO","1503","1503","ARGO","1403","1403","URGO","1403","1403","URGO",NA
"17","17","17","15","14","14","1703","ARGHANCHKHWA","1703","1703","ARGHANJ KHWA","1703","1703","ARGHANJKHWA","1504","1504","ARGHANJKHWA","1421","1421","ARGHANJ KHAWA","1421","1421","ARGHANJ KHAWA",NA
"17","17","17","15","14","14","1704","YAFTAL SUFLA","1704","1704","YAFTAL-E-SUFLA","1704","1704","YAFTAL-E-SUFLA","1502","1502","YAFTAL-E-SUFLA","1402","1402","YAFTAL PAYAN","1402","1402","YAFTAL PAYAN",NA
"17","17","17","15","14","14","1705","KHASH","1705","1705","KHASH","1705","1705","KHASH","1511","1511","KHASH","1405","1405","KHASH","1405","1405","KHASH",NA
"17","17","17","15","14","14","1706","BAHARAK","1706","1706","BAHARAK","1706","1706","BAHARAK","1512","1512","BAHARAK","1408","1408","BAHARAK (BADAKHSHAN)","1408","1408","BAHARAK BADAKHSHAN",NA
"17","17","17","15","14","14","1707","DARAYEM","1707","1707","DARAYEM","1707","1707","DARAYEM","1510","1510","DARAYEM","1404","1404","DARAYEM","1404","1404","DARAYEM",NA
"17","17","17","15","14","14","1708","KOHESTAN","1708","1708","KOHESTAN","1708","1708","KOHESTAN","1505","1505","KOHESTAN","1410","1410","KOHISTAN (BADAKHSHAN)","1410","1410","KOHISTAN BADAKHSHAN",NA
"17","17","17","15","14","14","1709","YAWAN","1709","1709","YAWAN","1709","1709","YAWAN","1507","1507","YAWAN","1411","1411","YAWAN","1411","1411","YAWAN",NA
"17","17","17","15","14","14","1710","JURM","1710","1710","JORM","1710","1710","JORM","1521","1521","JORM","1406","1406","JURM","1406","1406","JURM",NA
"17","17","17","15","14","14","1711","TESHKAN","1711","1711","TESHKAN","1711","1711","TESHKAN","1509","1509","TESHKAN","1415","1415","TASHKAN","1415","1415","TASHKAN",NA
"17","17","17","15","14","14","1712","SHUHADA","1712","1712","SHUHADA","1712","1712","SHUHADA","1513","1513","SHUHADA","1409","1409","SHUHADA","1409","1409","SHUHADA",NA
"17","17","17","15","14","14","1713","SHAHR BUZORG","1713","1713","SHAHR-E-BUZORG","1713","1713","SHAHR-E-BUZORG","1508","1508","SHAHR-E-BUZORG","1412","1412","SHAHR-E-BUZURG","1412","1412","SHAHR-E-BUZURG",NA
"17","17","17","15","14","14","1714","RAGHESTAN","1714","1714","RAGHESTAN","1714","1714","RAGHESTAN","1506","1506","RAGHESTAN","1422","1422","RAGHISTAN","1422","1422","RAGHISTAN",NA
"17","17","17","15","14","14","1715","KESHEM","1715","1715","KESHEM","1715","1715","KESHEM","1518","1518","KESHEM","1413","1413","KISHM","1413","1413","KISHM",NA
"17","17","17","15","14","14","1716","WARDOJ","1716","1716","WARDUJ","1716","1716","WARDUJ","1522","1522","WARDUJ","1407","1407","WARDOUJ","1407","1407","WARDOUJ",NA
"17","17","17","15","14","14","1717","TAGAB","1717","1717","TAGAB","1717","1717","TAGAB","1519","1519","TAGAB","1414","1414","TAGAB (KESHM BALA)","1414","1414","TAGAB KESHM BALA",NA
"17","17","17","15","14","14","1718","YAMGAN","1718","1718","YAMGAN","1718","1718","YAMGAN","1520","1520","YAMGAN","1425","1425","YAMGAN (GRIWAN)","1425","1425","YAMGAN GRIWAN",NA
"17","17","17","15","14","14","1719","SHEGHNAN","1719","1719","SHIGHNAN","1719","1719","SHIGHNAN","1514","1514","SHIGHNAN","1420","1420","SHEGHNAN","1420","1420","SHEGHNAN",NA
"17","17","17","15","14","14","1720","KHWAHAN","1720","1720","KHWAHAN","1720","1720","KHWAHAN","1517","1517","KHWAHAN","1423","1423","KHWAHAN","1423","1423","KHWAHAN",NA
"17","17","17","15","14","14","1721","KOFAB","1721","1721","KOFAB","1721","1721","KOFAB","1516","1516","KOFAB","1424","1424","KOF AB","1424","1424","KOF AB",NA
"17","17","17","15","14","14","1722","DARWAZ PAYEN (MAMAY)","1722","1722","DARWAZ-E-PAYIN","1722","1722","DARWAZ","1524","1524","DARWAZ","1426","1426","DARWAZE-E PAYAN NUSAY","1426","1426","DARWAZE-E PAYAN NUSAY",NA
"17","17","17","15","14","14","1723","ESHKASHEM","1723","1723","ESHKASHEM","1723","1723","ESHKMESH","1523","1523","ESHKSHIM","1418","1418","ESHKASHAM","1418","1418","ESHKASHAM",NA
"17","17","17","15","14","14","1724","SHAKI","1724","1724","SHAKI","1724","1724","SHAKI","1525","1525","SHAKI","1428","1428","SHEIKE","1428","1428","SHEIKE",NA
"17","17","17","15","14","14","1725","ZEBAK","1725","1725","ZEBAK","1725","1725","ZEBAK","1527","1527","ZEBAK","1417","1417","ZEBAK","1417","1417","ZEBAK",NA
"17","17","17","15","14","14","1726","KERAN WA MENJAN","1726","1726","KORAN WA MONJAN","1726","1726","KORAN WA MONJAN","1526","1526","KORAN WA MONJAN","1416","1416","KARAN-O-MENJAN","1416","1416","KARAN-O-MENJAN",NA
"17","17","17","15","14","14","1727","DARWAZ BALA (NESAY)","1727","1727","DARWAZ","1727","1727","DARWAZ-E-BALLA","1515","1515","DARWAZ-E-BALLA","1427","1427","DARWAZE BALA MAMAI","1427","1427","DARWAZE BALA MAMAI",NA
"17","17","17","15","14","14","1728","WAKHAN","1728","1728","WAKHAN","1728","1728","WAKHAN","1528","1528","WAKHAN","1419","1419","WAKHAN","1419","1419","WAKHAN",NA
"18","18","18","10","15","15","1801","TALUQAN","1801","1801","TALUQAN","1801","1801","TALOQAN","1601","1601","TALOQAN","1501","1501","TALOQAN - CENTER OF TALOQAN","1501","1501","TALOQAN - CENTER OF TALOQAN",NA
"18","18","18","10","15","15","1802","HAZARSUMOCH","1802","1802","HAZARSUMOCH","1802","1802","HAZARSUMUCH","1602","1602","HAZARSUMUCH","1502","1502","HAZAR SOMOCH","1502","1502","HAZAR SOMOCH",NA
"18","18","18","10","15","15","1803","BAHARAK","1803","1803","BAHARAK","1803","1803","BAHARAK","1603","1603","BAHARAK","1503","1503","BAHARAK","1503","1503","BAHARAK",NA
"18","18","18","10","15","15","1804","BANGI","1804","1804","BANGI","1804","1804","BANGI","1604","1604","BANGI","1505","1505","BANGI","1505","1505","BANGI",NA
"18","18","18","10","15","15","1805","CHAL","1805","1805","CHAL","1805","1805","CHAL","1605","1605","CHAL","1507","1507","CHAAL","1507","1507","CHAAL",NA
"18","18","18","10","15","15","1806","NAMAKAB","1806","1806","NAMAK AB","1806","1806","NAMAKAB","1606","1606","NAMAKAB","1508","1508","NAMAK  AAB","1508","1508","NAMAK  AAB",NA
"18","18","18","10","15","15","1807","KALAFGAN","1807","1807","KALAFGAN","1807","1807","KALAFGAN","1608","1608","KALAFGAN","1510","1510","KALAFGAN","1510","1510","KALAFGAN",NA
"18","18","18","10","15","15","1808","FARKHAR","1808","1808","FARKHAR","1808","1808","FARKHAR","1607","1607","FARKHAR","1509","1509","FARKHAR","1509","1509","FARKHAR",NA
"18","18","18","10","15","15","1809","KHWAJAGHAR","1809","1809","KHWAJA GHAR","1809","1809","KHWAJAGHAR","1614","1614","KHWAJAGHAR","1504","1504","KHWAJA GHAR","1504","1504","KHWAJA GHAR",NA
"18","18","18","10","15","15","1810","RUSTAQ","1810","1810","RUSTAQ","1810","1810","ROSTAQ","1609","1609","ROSTAQ","1511","1511","RUSTAQ","1511","1511","RUSTAQ",NA
"18","18","18","10","15","15","1811","ESHKAMESH","1811","1811","ISHKMISH","1811","1811","ESHKASHEM","1615","1615","ESHKAMESH","1506","1506","ESHKAMESH","1506","1506","ESHKAMESH",NA
"18","18","18","10","15","15","1812","DASHT QALA","1812","1812","DASHT-E-QALA","1812","1812","DASHT-E- QALA","1613","1613","DASHT-E-QALA","1516","1516","DASHTE QALA","1516","1516","DASHTE QALA",NA
"18","18","18","10","15","15","1813","WARSAJ","1813","1813","WARSAJ","1813","1813","WARSAJ","1616","1616","WARSAJ","1517","1517","WARSAJ","1517","1517","WARSAJ",NA
"18","18","18","10","15","15","1814","KHWAJA BAHAUDIN","1814","1814","KHWAJA BAHAWUDDIN","1814","1814","KHWAJABAHAWUDDIN","1612","1612","KHWAJABAHAWUDDIN","1514","1514","KHWAJA BAHAWODDIN","1514","1514","KHWAJA BAHAWODDIN",NA
"18","18","18","10","15","15","1815","DARQAD","1815","1815","DARQAD","1815","1815","DARQAD","1617","1617","DARQAD","1515","1515","DARQAD","1515","1515","DARQAD",NA
"18","18","18","10","15","15","1816","CHAHAB","1816","1816","CHAHAB","1816","1816","CHAHAB","1610","1610","CHAHAB","1512","1512","CHAH AAB","1512","1512","CHAH AAB",NA
"18","18","18","10","15","15","1817","YANGI QALA","1817","1817","YANGI QALA","1817","1817","YANGI QALA","1611","1611","YANGI QALA","1513","1513","YANGI QALA","1513","1513","YANGI QALA",NA
"19","19","19","17","17","17","1901","KUNDUZ","1901","1901","KUNDUZ","1901","1901","KUNDUZ","1701","1701","KUNDUZ","1701","1701","PROVINCIAL CENTER (KUNDUZ)","1701","1701","KUNDUZ",NA
"19","19","19","17","17","17","1902","CHAHAR DARAH","1902","1902","CHARDARAH","1902","1902","CHARDARAH","1704","1704","CHARDARAH","1704","1704","CHAR DARA","1704","1704","CHAR DARA",NA
"19","19","19","17","17","17","1903","ALI ABAD","1903","1903","ALIABAD","1903","1903","ALIABAD","1705","1705","ALIABAD","1705","1705","ALI ABAD","1705","1705","ALI ABAD",NA
"19","19","19","17","17","17","1904","KHAN ABAD","1904","1904","KHANABAD","1904","1904","KHANABAD","1706","1706","KHANABAD","1706","1706","KHAN ABAD","1706","1706","KHAN ABAD",NA
"19","19","19","17","17","17","1905","EMAM SAHEB","1905","1905","IMAM SAHIB","1905","1905","EMAMSAHEB","1702","1702","EMAMSAHEB","1702","1702","IMAM SAHEB","1702","1702","IMAM SAHEB",NA
"19","19","19","17","17","17","1906","DASHT ARCHI","1906","1906","DASHT-E-ARCHI","1906","1906","DASHT-E-ARCHI","1707","1707","DASHT-E-ARCHI","1707","1707","DASHT-I-ARCHI","1707","1707","DASHT‐I‐ARCHI",NA
"19","19","19","17","17","17","1907","QALAE ZAL","1907","1907","QALA-E-ZAL","1907","1907","QALA-E-ZAL","1703","1703","QALA-E-ZAL","1703","1703","QALA-I-ZAL","1703","1703","QALA‐I‐ZAL",NA
"19","19",NA,"17",NA,NA,"1908","KALBAD","1908","1908","KALBAD","1905",NA,NA,"1702",NA,NA,"1702",NA,NA,"1702",NA,NA,NA
"19","19",NA,"17",NA,NA,"1909","GULTAPA","1909","1909","GURTIPA","1901",NA,NA,"1701",NA,NA,"1701",NA,NA,"1701",NA,NA,NA
"19","19",NA,"17",NA,NA,"1910","AQTASH","1910","1910","AQTASH","1904",NA,NA,"1706",NA,NA,"1706",NA,NA,"1706",NA,NA,NA
"20","20","20","19","18","18","2001","AYBAK","2001","2001","AYBAK","2001","2001","AYBAK","1901","1901","AYBAK","1801","1801","PROVINCIAL CENTER (AIBAK)","1801","1801","AIBAK",NA
"20","20","20","19","18","18","2002","HAZRATE SULTAN","2002","2002","HAZRAT-E-SULTAN","2002","2002","HAZRAT-E- SULTAN","1902","1902","HAZRAT-E-SULTAN","1802","1802","HAZRAT-E-SULTAN","1802","1802","HAZRAT‐E‐SULTAN",NA
"20","20","20","19","18","18","2003","KHURAM WA SARBAGH","2003","2003","KHURAM WA SARBAGH","2003","2003","KHURAM WA SARBAGH","1906","1906","KHURAM WA SARBAGH","1807","1807","KHOURAM SAR BAGH","1807","1807","KHOURAM SAR BAGH",NA
"20","20","20","19","18","18","2004","FIROZ NAKHCHEER","2004","2004","FEROZ NAKHCHER","2004","2004","FEROZNAKHCHIR","1903","1903","FEROZNAKHCHIR","1803","1803","FEROZ NAKHCHEER","1803","1803","FEROZ NAKHCHEER",NA
"20","20","20","19","18","18","2005","ROYE DOAB","2005","2005","ROY-E-DOAB","2005","2005","RUY-E-DUAB","1907","1907","RUY-E-DUAB","1806","1806","RAI-DO-AB","1806","1806","RAI‐DO‐AB",NA
"20","20","20","19","18","18","2006","DARAE SOFE PAYEN","2006","2006","DARA-E-SOF-E-PAYIN","2006","2006","DARA-E- SUF-E- PAYIN","1904","1904","DARA-E-SUF-E-PAYIN","1805","1805","DARAH-I-SUF PAYEN","1805","1805","DARAH‐I‐SUF PAYEN",NA
"20","20","20","19","18","18","2007","DARAE SOFE BALA","2007","2007","DARA-E SOF-E-BALA","2007","2007","DARA-E SUF-E-BALA","1905","1905","DARA-E SUF-E-BALA","1804","1804","DARAH-E-SUF HULYA","1804","1804","DARAH‐E‐SUF HULYA",NA
"21","21","21","18","19","19","2101","MAZARE SHARIF","2101","2101","MAZAR-E-SHARIF","2101","2101","MAZAR-E-SHARIF","1801","1801","MAZAR-E-SHARIF","1901","1901","PROVINCIAL CENTER (MAZAR SHARIF)","1901","1901","MAZAR SHARIF",NA
"21","21","21","18","19","19","2102","NAHR SHAHI","2102","2102","NAHR-E-SHAHI","2102","2102","NAHR-E- SHAHI","1802","1802","NAHR-E-SHAHI","1903","1903","NAHR-E-SHAHI","1903","1903","NAHR‐E‐SHAHI",NA
"21","21","21","18","19","19","2103","DEHDADI","2103","2103","DEHDADI","2103","2103","DEHDADI","1806","1806","DEHDADI","1902","1902","DEHDADI","1902","1902","DEHDADI",NA
"21","21","21","18","19","19","2104","CHARKENT","2104","2104","CHAR KINT","2104","2104","CHARKENT","1807","1807","CHARKENT","1913","1913","CHARKENT","1913","1913","CHARKENT",NA
"21","21","21","18","19","19","2105","MARMUL","2105","2105","MARMUL","2105","2105","MARMUL","1808","1808","MARMUL","1904","1904","MARMOL","1904","1904","MARMOL",NA
"21","21","21","18","19","19","2106","BALKH","2106","2106","BALKH","2106","2106","BALKH","1805","1805","BALKH","1909","1909","BALKH","1909","1909","BALKH",NA
"21","21","21","18","19","19","2107","SHOLGARA","2107","2107","SHOLGAREH","2107","2107","SHOLGAREH","1814","1814","SHOLGAREH","1912","1912","SHOLGARA","1912","1912","SHOLGARA",NA
"21","21","21","18","19","19","2108","CHEMTAL","2108","2108","CHIMTAL","2108","2108","CHEMTAL","1813","1813","CHEMTAL","1911","1911","CHAMTAL","1911","1911","CHAMTAL",NA
"21","21","21","18","19","19","2109","DAWLATABAD","2109","2109","DAWLATABAD","2109","2109","DAWLATABAD","1804","1804","DAWLATABAD","1908","1908","DAWLATABAD","1908","1908","DAWLATABAD",NA
"21","21","21","18","19","19","2110","KHULM","2110","2110","KHULM","2110","2110","KHULM","1809","1809","KHULM","1905","1905","KHOLM","1905","1905","KHOLM",NA
"21","21","21","18","19","19","2111","CHARBOLAK","2111","2111","CHAR BOLAK","2111","2111","CHARBULAK","1812","1812","CHARBULAK","1910","1910","CHARBOLAK","1910","1910","CHARBOLAK",NA
"21","21","21","18","19","19","2112","SHORTEPA","2112","2112","SHORTEPA","2112","2112","SHORTEPA","1803","1803","SHORTEPA","1907","1907","SHORTAPA","1907","1907","SHORTAPA",NA
"21","21","21","18","19","19","2113","KALDAR","2113","2113","KALDAR","2113","2113","KALDAR","1810","1810","KALDAR","1906","1906","KALDAR","1906","1906","KALDAR",NA
"21","21","21","18","19","19","2114","KUSHENDEH","2114","2114","KISHINDEH","2114","2114","KESHENDEH","1815","1815","KESHENDEH","1914","1914","KOSHENDAH","1914","1914","KOSHENDAH",NA
"21","21","21","18","19","19","2115","ZARI","2115","2115","ZARI","2115","2115","ZARI","1816","1816","ZARI","1915","1915","ZAREE","1915","1915","ZAREE",NA
NA,"21",NA,"18",NA,NA,NA,NA,"2113","2116","SHARAK-E-HAYRATAN","2113",NA,NA,"1811","1811","SHARAK-E-HAYRATAN","1906",NA,NA,"1906",NA,NA,NA
"22","22","22","20","21","21","2201","SARE PUL","2201","2201","SAR-E-PUL","2201","2201","SAR-E-PUL","2001","2001","SAR-E-PUL","2101","2101","PROVINCIAL CENTER (SAR-I-PUL)","2101","2101","SAR‐I‐PUL",NA
"22","22","22","20","21","21","2202","SAYAD","2202","2202","SAYAD","2202","2202","SAYAD","2002","2002","SAYAD","2103","2103","SAYAD","2103","2103","SAYAD",NA
"22","22","22","20","21","21","2203","KOHESTANAT","2203","2203","KOHISTANAT","2203","2203","KOHESTANAT","2003","2003","KOHESTANAT","2104","2104","KOHISTANAT","2104","2104","KOHISTANAT",NA
"22","22","22","20","21","21","2204","SOZMAQALA","2204","2204","SOZMA QALA","2204","2204","SOZMAQALA","2004","2004","SOZMAQALA","2102","2102","SUZMA QULA","2102","2102","SUZMA QULA",NA
"22","22","22","20","21","21","2205","SANCHARAK","2205","2205","SANCHARAK","2205","2205","SANCHARAK(SANGCHARK)","2007","2007","SANCHARAK","2106","2106","SANGCHARAK","2106","2106","SANGCHARAK",NA
"22","22","22","20","21","21","2206","GOSFANDI","2206","2206","GOSFANDI","2206","2206","GOSFANDI","2005","2005","GOSFANDI","2107","2107","GOSFANDI","2107","2107","GOSFANDI",NA
"22","22","22","20","21","21","2207","BALKHAB","2207","2207","BALKHAB","2207","2207","BALKHAB","2006","2006","BALKHAB","2105","2105","BALKHAB","2105","2105","BALKHAB",NA
"23","23","23","21","31","31","2301","FEROZKOH (CHEGHCHERAN)","2301","2301","FEROZKOH","2301","2301","CHAGHCHARAN","2101","2101","CHAGHCHARAN","3101","3101","PROVINCIAL CENTER (CHAGHCHARAN)","3101","3101","CHAGHCHARAN",NA
"23","23","23","21","31","31","2302","DOLAYNA","2302","2302","DOLAYNA","2302","2302","DOLAYNA","2103","2103","DOLAYNA","3105","3105","DULEENA","3105","3105","DULEENA",NA
"23","23","23","21","31","31","2303","DAWLATYAR","2303","2303","DAWLATYAR","2303","2303","DAWLATYAR","2104","2104","DAWLATYAR","3102","3102","DOWLATYAR","3102","3102","DOWLATYAR",NA
"23","23","23","21","31","31","2304","CHARSADA","2304","2304","CHARSADA","2304","2304","CHARSADRA","2102","2102","CHARSADA","3103","3103","CHAHAR SADA","3103","3103","CHAHAR SADA",NA
"23","23","23","21","31","31","2305","PASABAND","2305","2305","PASABAND","2305","2305","PASABAND","2107","2107","PASABAND","3106","3106","PASSABAND","3106","3106","PASSABAND",NA
"23","23","23","21","31","31","2306","SHAHRAK","2306","2306","SHAHRAK","2306","2306","SHAHRAK","2105","2105","SHAHRAK","3104","3104","SHAHRAK","3104","3104","SHAHRAK",NA
"23","23","23","21","31","31","2307","LAL WA SARJANGAL","2307","2307","LAL WA SARJANGAL","2307","2307","LAL WA SARJANGAL","2108","2108","LAL WA SARJANGAL","3107","3107","LAL-O-SARJANGAL","3107","3107","LAL‐O‐SARJANGAL",NA
"23","23","23","21","31","31","2308","TAYWARA","2308","2308","TAYWARAH","2308","2308","TAYWARAH","2106","2106","TAYWARAH","3110","3110","TEYORA","3110","3110","TEYORA",NA
"23","23","23","21","31","31","2309","TOLAK","2309","2309","TOLAK","2309","2309","TOLAK","2109","2109","TOLAK","3108","3108","TOLAK","3108","3108","TOLAK",NA
"23","23","23","21","31","31","2310","SAGHAR","2310","2310","SAGHAR","2310","2310","SAGHAR","2110","2110","SAGHAR","3109","3109","SAGHAR","3109","3109","SAGHAR",NA
"24","24","24","22","34","34","2401","NILI","2401","2401","NELI","2401","2401","NILI","2201","2201","NILI","3401","3401","DAIKONDI","3401","3401","DAIKONDI",NA
"24","24","24","22","34","34","2402","SHAHRESTAN","2402","2402","SHAHRISTAN","2402","2402","SHAHRESTAN","2206","2206","SHAHRESTAN","3402","3402","SHAHRESTAN","3402","3402","SHAHRESTAN",NA
"24","24","24","22","34","34","2404","ESHTARLAY","2409","2403","ASHTARLAY","2404","2404","ASHTARLAY","2202","2202","ASHTARLAY","3404","3404","ISHTRALI","3404","3404","ISHTRALI",NA
"24","24","24","22","34","34","2405","KHADER","2403","2404","KHADER","2405","2405","KHADIR","2203","2203","KHADIR","3406","3406","KHADEU","3406","3406","KHADEU",NA
"24","24","24","22","34","34","2406","KITI","2404","2405","KETI","2406","2406","KITI","2204","2204","KITI","3408","3408","KITEE","3408","3408","KITEE",NA
"24","24","24","22","34","34","2407","MERAMOR","2405","2406","MERAMOR","2407","2407","MIRAMOR","2209","2209","MIRAMOR","3403","3403","MERAMOR","3403","3403","MERAMOR",NA
"24","24","24","22","34","34","2408","SANG TAKHT","2406","2407","SANG-E-TAKHT","2408","2408","SANG-E-TAKHT","2207","2207","SANG-E-TAKHT","3405","3405","SANG-E-TAKHTBANDER","3405","3405","SANG‐E‐TAKHTBANDER",NA
"24","24","24","22","34","34","2409","KAJRAN","2407","2408","KAJRAN","2409","2409","KAJRAN","2208","2208","KAJRAN","3407","3407","KIJRAN","3407","3407","KIJRAN",NA
"24","24",NA,"22",NA,NA,"2403","PATO","2408","2409","PATOO","2403",NA,NA,"2205",NA,NA,"3409",NA,NA,"3409",NA,NA,NA
"25","25","25","23","30","30","2501","TIRENKOT","2501","2501","TIRENKOT","2501","2501","TIRINKOT","2301","2301","TIRINKOT","3001","3001","PROVINCIAL CENTER (TERINKOTT)","3001","3001","TERINKOTT",NA
"25","25","25","23","30","30","2502","DEHRAWUD","2502","2502","DEHRAWUD","2502","2502","DEHRAWUD","2304","2304","DEHRAWUD","3005","3005","DEHRAOUD","3005","3005","DEHRAOUD",NA
"25","25","25","23","30","30","2503","CHORA","2503","2503","CHORA","2503","2503","CHORA","2302","2302","CHORA","3002","3002","CHOARAH","3002","3002","CHOARAH",NA
"25","25","25","23","30","30","2504","SHAHED HASAS","2504","2504","SHAHED-E-HASSAS","2504","2504","SHAHID-E-HASSAS","2303","2303","SHAHID-E-HASSAS","3004","3004","SHAHID-E-HASSAS","3004","3004","SHAHID-E-HASSAS",NA
"25","25","25","23","30","30","2505","KHASURUZGAN","2505","2505","KHAS URUZGAN","2505","2505","KHASURUZGAN","2305","2305","KHASURUZGAN","3003","3003","KHAS UROZGAN","3003","3003","KHAS UROZGAN",NA
"25","25","25","23",NA,NA,"2506","CHENARTO","2506","2506","CHINARTO","2506","2506","CHENARTO","2302",NA,NA,"3002",NA,NA,"3002",NA,NA,NA
"25","25","25","22","34","34","2507","GIZAB","2507","2507","GEZAB","2403","2403","GIZAB","2205","2205","GIZAB","3409","3409","GEZAB","3409","3409","GEZAB",NA
"26","26","26","24","29","29","2601","QALAT","2601","2601","QALAT","2601","2601","QALAT","2401","2401","QALAT","2901","2901","PROVINCIAL CENTER (QALAT)","2901","2901","QALAT",NA
"26","26","26","24","29","29","2602","TARNAK WA JALDAK","2602","2602","TARNAK WA JALDAK","2602","2602","TARNAK WA JALDAK","2404","2404","TARNAK WA JALDAK","2907","2907","TARNK-O-JALDAK","2907","2907","TARNK‐O‐JALDAK",NA
"26","26","26","24","29","29","2603","SHINKAI","2603","2603","SHENKAY","2603","2603","SHINKAY","2405","2405","SHINKAY","2908","2908","SHINKAI","2908","2908","SHINKAI",NA
"26","26","26","24","29","29","2604","MEZAN","2604","2604","MEZAN","2604","2604","MIZAN","2403","2403","MIZAN","2906","2906","MIZAN","2906","2906","MIZAN",NA
"26","26","26","24","29","29","2605","ARGHANDAB","2605","2605","ARGHANDAB","2605","2605","ARGHANDAB","2402","2402","ARGHANDAB","2903","2903","ARGHANDAB (ZABUL)","2903","2903","ARGHANDAB ZABUL",NA
"26","26","26","24","29","29","2606","SHAHJOY","2606","2606","SHAHJOY","2606","2606","SHAHJOY","2406","2406","SHAHJOY","2902","2902","SHAH JOI","2902","2902","SHAH JOI",NA
"26","26","26","24","29","29","2607","DAYCHOPAN","2607","2607","DAYCHOPAN","2607","2607","DAYCHOPAN","2408","2408","DAYCHOPAN","2905","2905","DAICHOPAN","2905","2905","DAICHOPAN",NA
"26","26","26","24","29","29","2608","ATGHAR","2608","2608","ATGHAR","2608","2608","ATGHAR","2409","2409","ATGHAR","2909","2909","ATGHAR","2909","2909","ATGHAR",NA
"26","26","26","24","29","29","2609","NAWBAHAR","2609","2609","NAW BAHAR","2609","2609","NAWBAHAR","2411","2411","NAWBAHAR","2911","2911","NAW BAHAR","2911","2911","NAW BAHAR",NA
"26","26","26","24","29","29","2610","SHUMULZAY","2610","2610","SHUMULZAY","2610","2610","SHOMULZAY","2410","2410","SHOMULZAY","2910","2910","SHEMEL ZAYI","2910","2910","SHEMEL ZAYI",NA
"26","26",NA,"24","29","29","2611","KAKAR","2611","2611","KAKAR",NA,NA,NA,"2407","2407","KAKAR","2904","2904","KAKAR","2904","2904","KAKAR",NA
"27","27","27","33","28","28","2701","KANDAHAR","2701","2701","KANDAHAR","2701","2701","KANDAHAR","3301","3301","KANDAHAR","2801","2801","PROVINCIAL CENTER (KANDAHAR)","2801","2801","KANDAHAR",NA
"27","27","27","33","28","28","2702","ARGHANDAB","2702","2702","ARGHANDAB","2702","2702","ARGHANDAB","3302","3302","ARGHANDAB","2804","2804","ARGHANDAB (KANDAHAR)","2804","2804","ARGHANDAB KANDAHAR",NA
"27","27","27","33","28","28","2703","DAMAN","2703","2703","DAMAN","2703","2703","DAMAN","3305","3305","DAMAN","2802","2802","DAMAN","2802","2802","DAMAN",NA
"27","27","27","33","28","28","2704","PANJWAYE","2704","2704","PANJWAYI","2704","2704","PANJWAYI","3304","3304","PANJWAYI","2809","2809","PANJAI","2809","2809","PANJAI",NA
"27","27","27","33","28","28","2705","ZHERAY","2705","2705","ZHIRAY","2705","2705","ZHERAY","3303","3303","ZHERAY","2808","2808","ZHERAI","2808","2808","ZHERAI",NA
"27","27","27","33","28","28","2706","SHAHWALEKOT","2706","2706","SHAH WALE KOT","2706","2706","SHAHWALIKOT","3306","3306","SHAHWALIKOT","2803","2803","SHAH WALI KOT","2803","2803","SHAH WALI KOT",NA
"27","27","27","33","28","28","2707","KHAKREZ","2707","2707","KHAKREZ","2707","2707","KHAKREZ","3307","3307","KHAKREZ","2805","2805","KHAK REIZ","2805","2805","KHAK REIZ",NA
"27","27","27","33","28","28","2708","ARGHESTAN","2708","2708","ARGHISTAN","2708","2708","ARGHESTAN","3312","3312","ARGHESTAN","2813","2813","ARGHESTAN","2813","2813","ARGHESTAN",NA
"27","27","27","33","28","28","2709","GHORAK","2709","2709","GHORAK","2709","2709","GHORAK","3315","3315","GHORAK","2806","2806","GHORAK","2806","2806","GHORAK",NA
"27","27","27","33","28","28","2710","MAYWAND","2710","2710","MAYWAND","2710","2710","MAYWAND","3308","3308","MAYWAND","2807","2807","MAIWAND","2807","2807","MAIWAND",NA
"27","27","27","33","28","28","2711","SPENBOLDAK","2711","2711","SPEN BOLDAK","2711","2711","SPINBOLDAK","3311","3311","SPINBOLDAK","2812","2812","ESPEEN BOLDAK","2812","2812","ESPEEN BOLDAK",NA
"27","27","27","33","28","28","2712","NESH","2712","2712","NESH","2712","2712","NESH","3314","3314","NESH","2816","2816","NISH","2816","2816","NISH",NA
"27","27","27","33","28","28","2713","MIYANSHIN","2713","2713","MIYANSHEN","2713","2713","MIYANSHIN","3313","3313","MIYANSHIN","2815","2815","MYANESHIN","2815","2815","MYANESHEEN",NA
"27","27","27","33","28","28","2714","SHORABAK","2714","2714","SHORABAK","2714","2714","SHORABAK","3310","3310","SHORABAK","2811","2811","SHORABAK","2811","2811","SHORABAK",NA
"27","27","27","33","28","28","2715","MAROF","2715","2715","MAROF","2715","2715","MARUF","3316","3316","MARUF","2814","2814","MAROOF","2814","2814","MAROOF",NA
"27","27","27","33","28","28","2716","REG","2716","2716","REG","2716","2716","REG","3309","3309","REG","2810","2810","REGESTAN","2810","2810","REGESTAN",NA
"27","27","27","33",NA,NA,"2717","DAND","2717","2717","DAND","2717","2717","DAND","3301",NA,NA,"2801",NA,NA,"2801",NA,NA,NA
"27","27","27","33",NA,NA,"2718","TAKHTAPUL","2718","2718","TAKHTAPUL","2718","2718","TAKHTA PUL","3311",NA,NA,"2812",NA,NA,"2812",NA,NA,NA
"28","28","28","27","20","20","2801","SHEBERGHAN","2801","2801","SHIBERGHAN","2801","2801","SHIBERGHAN","2701","2701","SHIBERGHAN","2001","2001","PROVINCIAL CENTER (SHEIRGHAN)","2001","2001","SHEIRGHAN",NA
"28","28","28","27","20","20","2802","KHWAJA DOKOH","2802","2802","KHWAJA DUKOH","2802","2802","KHWAJADUKOH","2703","2703","KHWAJADUKOH","2010","2010","KHWAJA DUKOH","2010","2010","KHWAJA DUKOH",NA
"28","28","28","27","20","20","2803","KHANEQA","2803","2803","KHANAQA","2803","2803","KHANAQA","2706","2706","KHANAQA","2011","2011","KHANAQA","2011","2011","KHANAQA",NA
"28","28","28","27","20","20","2804","MENGAJEK","2804","2804","MINGAJEK","2804","2804","MINGAJIK","2702","2702","MINGAJIK","2005","2005","MANGAJAK","2005","2005","MANGAJAK",NA
"28","28","28","27","20","20","2805","QOSHTEPA","2805","2805","QOSHTEPA","2805","2805","QUSHTEPA","2704","2704","QUSHTEPA","2008","2008","QOSHTAPA","2008","2008","QOSHTAPA",NA
"28","28","28","27","20","20","2806","KHAMYAB","2806","2806","KHAMYAB","2806","2806","KHAMYAB","2710","2710","KHAMYAB","2007","2007","KHAMYAB","2007","2007","KHAMYAB",NA
"28","28","28","27","20","20","2807","AQCHA","2807","2807","AQCHA","2807","2807","AQCHA","2707","2707","AQCHA","2002","2002","AQCHAH","2002","2002","AQCHAH",NA
"28","28","28","27","20","20","2808","FAYZABAD","2808","2808","FAYZABAD","2808","2808","FAYZABAD","2705","2705","FAYZABAD","2003","2003","FAIZ ABAD","2003","2003","FAIZ ABAD",NA
"28","28","28","27","20","20","2809","MARDYAN","2809","2809","MARDYAN","2809","2809","MARDYAN","2708","2708","MARDYAN","2004","2004","MARDYAN","2004","2004","MARDYAN",NA
"28","28","28","27","20","20","2810","QARQEEN","2810","2810","QARQEN","2810","2810","QARQIN","2709","2709","QARQIN","2006","2006","QARQIN","2006","2006","QARQIN",NA
"28","28","28","27","20","20","2811","DARZAB","2811","2811","DARZAB","2811","2811","DARZAB","2711","2711","DARZAB","2009","2009","DARZAB","2009","2009","DARZAB",NA
"29","29","29","28","22","22","2901","MAYMANA","2901","2901","MAYMANA","2901","2901","MAYMANA","2801","2801","MAYMANA","2201","2201","PROVINCIAL CENTER (MAIMANA)","2201","2201","MAIMANA",NA
"29","29","29","28","22","22","2902","PASHTONKOT","2902","2902","PASHTON KOT","2902","2902","PASHTUNKOT","2803","2803","PASHTUNKOT","2202","2202","PASHTOON KOTT","2202","2202","PASHTOON KOTT",NA
"29","29","29","28","22","22","2903","KHWAJA SABZPOSH","2903","2903","KHWAJA SABZPOSH","2903","2903","KHWAJASABZPOSH","2802","2802","KHWAJASABZPOSH","2203","2203","KHUWAJA SABZ POSHE WALI","2203","2203","KHUWAJA SABZ POSHE WALI",NA
"29","29","29","28","22","22","2904","ALMAR","2904","2904","ALMAR","2904","2904","ALMAR","2805","2805","ALMAR","2204","2204","ALMAR","2204","2204","ALMAR",NA
"29","29","29","28","22","22","2905","BELCHERAGH","2905","2905","BILCHERAGH","2905","2905","BILCHERAGH","2809","2809","BILCHERAGH","2208","2208","BALCHERAGH","2208","2208","BALCHERAGH",NA
"29","29","29","28","22","22","2906","SHIRINTAGAB","2906","2906","SHIREN TAGAB","2906","2906","SHIRINTAGAB","2804","2804","SHIRINTAGAB","2209","2209","SHERIN TAGAB","2209","2209","SHERIN TAGAB",NA
"29","29","29","28","22","22","2907","QAYSAR","2907","2907","QAYSAR","2907","2907","QAYSAR","2806","2806","QAYSAR","2205","2205","QAISAR","2205","2205","QAISAR",NA
"29","29","29","28","22","22","2908","GURZIWAN","2908","2908","GARZEWAN","2908","2908","GARZIWAN","2808","2808","GARZIWAN","2207","2207","GARZIWAN","2207","2207","GARZIWAN",NA
"29","29","29","28","22","22","2909","DAWLATABAD","2909","2909","DAWLATABAD","2909","2909","DAWLATABAD","2810","2810","DAWLATABAD","2210","2210","DAWLAT ABAD","2210","2210","DAWLAT ABAD",NA
"29","29","29","28","22","22","2910","KOHESTAN","2910","2910","KOHISTAN","2910","2910","KOHESTAN","2807","2807","KOHESTAN","2206","2206","KOHISTAN (FARYAB)","2206","2206","KOHISTAN FARYAB",NA
"29","29","29","28","22","22","2911","QARAMQUL","2911","2911","QARAMQOL","2911","2911","QARAMQOL","2812","2812","QARAMQOL","2211","2211","QARAM QUL","2211","2211","QARAM QUL",NA
"29","29","29","28","22","22","2912","QURGHAN","2912","2912","QURGHAN","2912","2912","QORGHAN","2814","2814","QORGHAN","2214","2214","QURGHAN","2214","2214","QURGHAN",NA
"29","29","29","28","22","22","2913","ANDKHOY","2913","2913","ANDKHOY","2913","2913","ANDKHOY","2811","2811","ANDKHOY","2213","2213","ANDKHOI","2213","2213","ANDKHOI",NA
"29","29","29","28","22","22","2914","KHAN CHAR BAGH","2914","2914","KHAN-E-CHAR BAGH","2914","2914","KHAN-E-CHAR BAGH","2813","2813","KHAN-E-CHAR BAGH","2212","2212","KHAN-E-CHARBAGH","2212","2212","KHAN‐E‐CHARBAGH",NA
"30","30","30","32","27","27","3001","LASHKARGAH","3001","3001","LASHKARGAH","3001","3001","LASHKARGAH","3201","3201","LASHKARGAH","2701","2701","PROVINCIAL CENTER (LASHKAR GAH)","2701","2701","LASHKAR GAH",NA
"30","30","30","32","27","27","3002","NADALI","3002","3002","NAD-E-ALI","3002","3002","NAD-E-ALI","3203","3203","NAD-E-ALI","2703","2703","NAD ALI","2703","2703","NAD ALI",NA
"30","30","30","32","27","27","3003","NAWAE BARAKZAYE","3003","3003","NAWA-E-BARAKZAIY","3003","3003","NAWA-E-BARAKZAIY","3204","3204","NAWA-E-BARAKZAIY","2704","2704","NAWEI BARUKZAI","2704","2704","NAWEI BARUKZAI",NA
"30","30","30","32","27","27","3004","NAHR SARAJ","3004","3004","NAHR-E-SARAJ","3004","3004","NAHR-E-SARAJ","3202","3202","NAHR-E-SARAJ","2702","2702","NAHRE SARAJ","2702","2702","NAHRE SARAJ",NA
"30","30","30","32","27","27","3005","WASHIR","3005","3005","WASHER","3005","3005","WASHER","3208","3208","WASHER","UNKNOWN","2711","UNKNOWN","2711","2711","WASHEIR",NA
"30","30","30","32","27","27","3006","GARMSER","3006","3006","GARMSER","3006","3006","GARMSER","3209","3209","GARMSER","2705","2705","GARM SEIR","2705","2705","GARM SEIR",NA
"30","30","30","32","27","27","3007","NAWZAD","3007","3007","NAWZAD","3007","3007","NAWZAD","3207","3207","NAWZAD","2710","2710","NAWZAD","2710","2710","NAWZAD",NA
"30","30","30","32","27","27","3008","SANGEEN","3008","3008","SANGEN","3008","3008","SANGIN","3205","3205","SANGIN","2706","2706","SANGIN QALAH","2706","2706","SANGIN QALAH",NA
"30","30","30","32","27","27","3009","MOSAQALA","3009","3009","MOSA QALA","3009","3009","MUSAQALAH","3206","3206","MUSAQALAH","2709","2709","MOOSA QALAH","2709","2709","MOOSA QALAH",NA
"30","30","30","32","27","27","3010","KAJAKI","3010","3010","KAJAKI","3010","3010","KAJAKI","3210","3210","KAJAKI","2707","2707","KAJAKI","2707","2707","KAJAKI",NA
"30","30","30","32","27","27","3011","REG(KHAN NESHIN)","3011","3011","REG","3011","3011","REG","3212","3212","REG","2712","2712","REIG KHAN SHEEN","2712","2712","REIG KHAN SHEEN",NA
"30","30",NA,"32","27","27","3012","BAGHRAN","3012","3012","BAGHRAN",NA,NA,NA,"3211","3211","BAGHRAN","2708","2708","BUGHRAN","2708","2708","BUGHRAN",NA
"30","30",NA,"32","27","27","3013","DISHO","3013","3013","DESHO",NA,NA,NA,"3213","3213","DEH-E-SHU","2713","2713","DESHO","2713","2713","DESHO",NA
"30","30","30","32",NA,NA,"3014","MARJA","3014","3014","MARJA","3014","3014","MARJAH","3203",NA,NA,"2703",NA,NA,"2703",NA,NA,NA
"30","30",NA,"32",NA,NA,"3015","NAWAMISH","3015","3015","NAWA-I-MESH",NA,NA,NA,"3211",NA,NA,"2708",NA,NA,"2708",NA,NA,NA
"31","31","31","29","23","23","3101","QALAE NAW","3101","3101","QALA-E-NAW","3101","3101","QALA-E-NAW","2901","2901","QALA-E-NAW","2301","2301","PROVINCIAL CENTER (QALA-I-NOW)","2301","2301","QALA-I-NOW",NA
"31","31","31","29","23","23","3102","ABKAMARI","3102","3102","AB KAMARI","3102","3102","ABKAMARI","2903","2903","ABKAMARI","2303","2303","AB KAMARI","2303","2303","AB KAMARI",NA
"31","31","31","29","23","23","3103","MUQUR","3103","3103","MUQUR","3103","3103","MUQUR","2902","2902","MUQUR","2302","2302","MUQUR (BADGHIS)","2302","2302","MUQUR BADGHIS",NA
"31","31","31","29","23","23","3104","QADEES","3104","3104","QADES","3104","3104","QADIS","2904","2904","QADIS","2304","2304","QADIS","2304","2304","QADIS",NA
"31","31","31","29","23","23","3105","MURGHAB","3105","3105","MURGHAB","3105","3105","BALAMURGHAB","2906","2906","BALAMURGHAB","2307","2307","MURGHAB","2307","2307","MURGHAB",NA
"31","31","31","29","23","23","3106","JAWAND","3106","3106","JAWAND","3106","3106","JAWAND","2905","2905","JAWAND","2305","2305","JAWAND","2305","2305","JAWAND",NA
"32","32","32","30","24","24","3107","GHORMACH","3107","3107","GHORMACH","3107","3107","GHORMACH","2907","2907","GHORMACH","2306","2306","GHORMACH","2306","2306","GHORMACH",NA
"32","32","32","30","24","24","3201","HERAT","3201","3201","HIRAT","3201","3201","HERAT","3001","3001","HERAT","2401","2401","PROVINCIAL CENTER (HERAT)","2401","2401","HERAT",NA
"32","32","32","30","24","24","3202","ENJEEL","3202","3202","INJEL","3202","3202","INJIL","3002","3002","INJIL","2402","2402","ENJIL","2402","2402","ENJIL",NA
"32","32","32","30","24","24","3203","GUZARA","3203","3203","GUZARA","3203","3203","GUZARA","3005","3005","GUZARA","2403","2403","GUZERA","2403","2403","GUZERA",NA
"32","32","32","30","24","24","3204","KARUKH","3204","3204","KARUKH","3204","3204","KARUKH","3007","3007","KARUKH","2405","2405","KARUKH","2405","2405","KARUKH",NA
"32","32","32","30","24","24","3205","ZENDAJAN","3205","3205","ZINDAJAN","3205","3205","ZINDAJAN","3004","3004","ZINDAJAN","2410","2410","ZENDAJAN","2410","2410","ZENDAJAN",NA
"32","32","32","30","24","24","3206","PASHTON ZARGHON","3206","3206","PASHTON ZARGHON","3206","3206","PASHTUNZARGHUN","3006","3006","PASHTUNZARGHUN","2404","2404","PASHTON ZARGHOON","2404","2404","PASHTON ZARGHOON",NA
"32","32","32","30","24","24","3207","KUSHK","3207","3207","KUSHK","3207","3207","KUSHK","3003","3003","KUSHK","2406","2406","KUSHK","2406","2406","KUSHK",NA
"32","32","32","30","24","24","3208","GULRAN","3208","3208","GULRAN","3208","3208","GULRAN","3008","3008","GULRAN","2407","2407","GULRAN","2407","2407","GULRAN",NA
"32","32","32","30","24","24","3209","ADRASKAN","3209","3209","ADRASKAN","3209","3209","ADRASKAN","3010","3010","ADRASKAN","2411","2411","ADRASKAN","2411","2411","ADRASKAN",NA
"32","32","32","30","24","24","3210","KUSHK KUHNA","3210","3210","KUSHK-E-KUHNA","3210","3210","KUSHK-E-KOHNA","3013","3013","KUSHK-E-KOHNA","2416","2416","KISHK-I-KAHNA","2416","2416","KISHK‐I‐KAHNA",NA
"32","32","32","30","24","24","3211","GHORYAN","3211","3211","GHORYAN","3211","3211","GHORYAN","3009","3009","GHORYAN","2409","2409","GHORYAN","2409","2409","GHORYAN",NA
"32","32","32","30","24","24","3212","OBI","3212","3212","OBI","3212","3212","OBE","3012","3012","OBE","2414","2414","OBEH","2414","2414","OBEH",NA
"32","32","32","30","24","24","3213","KOHSAN","3213","3213","KOHSAN","3213","3213","KOHSAN","3014","3014","KOHSAN","2408","2408","KOHSAN","2408","2408","KOHSAN",NA
"32","32","32","30","24","24","3214","SHEENDND","3214","3214","SHINDAND","3214","3214","SHINDAND","3015","3015","SHINDAND","2412","2412","SHINDAND","2412","2412","SHINDAND",NA
"32","32","32","30","24","24","3215","FARSI","3215","3215","FARSI","3215","3215","FARSI","3011","3011","FARSI","2413","2413","FARSI","2413","2413","FARSI",NA
"32","32","32","30","24","24","3216","CHISHT SHAREF","3216","3216","CHISHT-E-SHAREF","3216","3216","CHISHT-E-SHARIF","3016","3016","CHISHT-E-SHARIF","2415","2415","CHESHTOSHARIF","2415","2415","CHESHTOSHARIF",NA
"32","32",NA,"30",NA,NA,"3217","ZIR KOH","3217","3217","ZER-I-KOH","3214",NA,NA,"3015",NA,NA,"2412",NA,NA,"2412",NA,NA,NA
"32","32",NA,"30",NA,NA,"3218","PUSHT KOH","3218","3218","PUSHT-I-KOH","3214",NA,NA,"3015",NA,NA,"2412",NA,NA,"2412",NA,NA,NA
"32","32",NA,"30",NA,NA,"3219","KOHE ZOR","3219","3219","KOH-I-ZOR","3214",NA,NA,"3015",NA,NA,"2412",NA,NA,"2412",NA,NA,NA
"32","32",NA,"30",NA,NA,"3220","ZAWOL","3220","3220","ZAWOL","3214",NA,NA,"3015",NA,NA,"2412",NA,NA,"2412",NA,NA,NA
"33","33","33","33","25","25","3301","FARAH","3301","3301","FARAH","3301","3301","FARAH","3101","3101","FARAH","2501","2501","PROVINCIAL CENTER (FARAH)","2501","2501","FARAH",NA
"33","33","33","33","25","25","3302","PUSHTROD","3302","3302","PUSHTROD","3302","3302","PUSHTROD","3105","3105","PUSHTROD","2502","2502","POSHT-I- ROOD","2502","2502","POSHT-I- ROOD",NA
"33","33","33","33","25","25","3303","KHAK SAFID","3303","3303","KHAK-E-SAFED","3303","3303","KHAK-E-SAFED","3104","3104","KHAK-E-SAFED","2503","2503","KHAK-I-SAFEID","2503","2503","KHAK-I-SAFEID",NA
"33","33","33","33","25","25","3304","QALAYE KAH","3304","3304","QALA-YE-KAH","3304","3304","QALA-E-KAH","3106","3106","QALA-E-KAH","2505","2505","QALA-I-KAH","2505","2505","QALA-I-KAH",NA
"33","33","33","33","25","25","3305","SHIBKOH","3305","3305","SHEBKOH","3305","3305","SHIBKOH","3107","3107","SHIBKOH","2506","2506","SHEIB KOH","2506","2506","SHEIB KOH",NA
"33","33","33","33","25","25","3306","BALABLOK","3306","3306","BALABULOK","3306","3306","BALABULUK","3103","3103","BALABULUK","2509","2509","BALA BLOOK","2509","2509","BALA BLOOK",NA
"33","33","33","33","25","25","3307","ANARDARA","3307","3307","ANARDARA","3307","3307","ANARDARA","3111","3111","ANARDARA","2504","2504","ANAR DARAH","2504","2504","ANAR DARAH",NA
"33","33","33","33","25","25","3308","BAKWA","3308","3308","BAKWA","3308","3308","BAKWA","3102","3102","BAKWA","2508","2508","BAKWA","2508","2508","BAKWA",NA
"33","33","33","33","25","25","3309","LASH JUWAYN","3309","3309","LASH-E-JUWAYN","3309","3309","LASH-E-JUWAYN","3108","3108","LASH-E-JUWAYN","2507","2507","LASH JAWEEN","2507","2507","LASH JAWEEN",NA
"33","33","33","33","25","25","3310","GULESTAN","3310","3310","GULISTAN","3310","3310","GULESTAN","3109","3109","GULESTAN","2510","2510","GULESTAN","2510","2510","GULESTAN",NA
"33","33","33","34","26","26","3311","PURCHAMAN","3311","3311","PURCHAMAN","3311","3311","PURCHAMAN","3110","3110","PURCHAMAN","2511","2511","PUR CHAMAN","2511","2511","PUR CHAMAN",NA
"34","34","34","34","26","26","3401","ZARANJ","3401","3401","ZARANJ","3401","3401","ZARANJ","3401","3401","ZARANJ","2601","2601","PROVINCIAL CENTER - ZARANJ","2601","2601","- ZARANJ",NA
"34","34","34","34","26","26","3402","KANG","3402","3402","KANG","3402","3402","KANG","3402","3402","KANG","2602","2602","KANG","2602","2602","KANG",NA
"34","34","34","34","26","26","3403","CHAKHANSOR","3403","3403","CHAKHANSOR","3403","3403","CHAKHANSUR","3404","3404","CHAKHANSUR","2604","2604","ASEL CHAKHANSUR","2604","2604","ASEL CHAKHANSUR",NA
"34","34","34","34","26","26","3404","CHAR BURJAK","3404","3404","CHAR BURJAK","3404","3404","CHARBURJAK","3403","3403","CHARBURJAK","2603","2603","CHAR BORJAK","2603","2603","CHAR BORJAK",NA
"34","34","34","34","26","26","3405","KHASHROD","3405","3405","KHASHROD","3405","3405","KHASHROD","3405","3405","KHASHROD","2605","2605","KHASHROAD","2605","2605","KHASHROAD",NA
"34","34","34",NA,"26","26","3406","DELARAM","3406","3406","DILARAM","3406","3406","DELARAM","3405",NA,NA,"2606","2606","DELARAM","2606","2606","DELARAM",NA
