"province_code","province_name_eng","province_name_dari","district_code","district_name_eng","district_name_dari","district_sub_code","district_or_subdivision_name_eng","district_or_subdivision_name_dari","provincial_capital"
"01","KABUL","کابل","0101","KABUL","كابل","0101-01","KABUL NAHIA 01","كابل - ناحيه 01","YES"
"01","KABUL","کابل","0101","KABUL","كابل","0101-02","KABUL NAHIA 02","كابل - ناحيه 02","YES"
"01","KABUL","کابل","0101","KABUL","كابل","0101-03","KABUL NAHIA 03","كابل - ناحيه 03","YES"
"01","KABUL","کابل","0101","KABUL","كابل","0101-04","KABUL NAHIA 04","كابل - ناحيه 04","YES"
"01","KABUL","کابل","0101","KABUL","كابل","0101-05","KABUL NAHIA 05","كابل - ناحيه 05","YES"
"01","KABUL","کابل","0101","KABUL","كابل","0101-06","KABUL NAHIA 06","كابل - ناحيه 06","YES"
"01","KABUL","کابل","0101","KABUL","كابل","0101-07","KABUL NAHIA 07","كابل - ناحيه 07","YES"
"01","KABUL","کابل","0101","KABUL","كابل","0101-08","KABUL NAHIA 08","كابل - ناحيه 08","YES"
"01","KABUL","کابل","0101","KABUL","كابل","0101-09","KABUL NAHIA 09","كابل - ناحيه 09","YES"
"01","KABUL","کابل","0101","KABUL","كابل","0101-10","KABUL NAHIA 10","كابل - ناحيه 10","YES"
"01","KABUL","کابل","0101","KABUL","كابل","0101-11","KABUL NAHIA 11","كابل - ناحيه 11","YES"
"01","KABUL","کابل","0101","KABUL","كابل","0101-12","KABUL NAHIA 12","كابل - ناحيه 12","YES"
"01","KABUL","کابل","0101","KABUL","كابل","0101-13","KABUL NAHIA 13","كابل - ناحيه 13","YES"
"01","KABUL","کابل","0101","KABUL","كابل","0101-14","KABUL NAHIA 14","كابل - ناحيه 14","YES"
"01","KABUL","کابل","0101","KABUL","كابل","0101-15","KABUL NAHIA 15","كابل - ناحيه 15","YES"
"01","KABUL","کابل","0101","KABUL","كابل","0101-16","KABUL NAHIA 16","كابل - ناحيه 16","YES"
"01","KABUL","کابل","0101","KABUL","كابل","0101-17","KABUL NAHIA 17","كابل - ناحيه 17","YES"
"01","KABUL","کابل","0101","KABUL","كابل","0101-18","KABUL NAHIA 18","كابل - ناحيه 18","YES"
"01","KABUL","کابل","0101","KABUL","كابل","0101-21","KABUL NAHIA 21","كابل - ناحيه 21","YES"
"01","KABUL","کابل","0102","PAGHMAN","يغمان","0102","PAGHMAN","يغمان","NO"
"01","KABUL","کابل","0103","CHAHARASYAB","جهار اسياب","0103","CHAHARASYAB","جهار اسياب","NO"
"01","KABUL","کابل","0104","BAGRAMI","بكرامى","0104","BAGRAMI","بكرامى","NO"
"01","KABUL","کابل","0105","DEHSABZ","ده سبز","0105","DEHSABZ","ده سبز","NO"
"01","KABUL","کابل","0106","SHAKARDARA","شكردره","0106","SHAKARDARA","شكردره","NO"
"01","KABUL","کابل","0107","MUSAYI","موسهى","0107","MUSAYI","موسهى","NO"
"01","KABUL","کابل","0108","MIRBACHAKOT","مير بجه كوت","0108","MIRBACHAKOT","مير بجه كوت","NO"
"01","KABUL","کابل","0109","KHAK-E- JABBAR","خاكن جبار","0109","KHAK-E- JABBAR","خاكن جبار","NO"
"01","KABUL","کابل","0110","KALAKAN","كلكان","0110","KALAKAN","كلكان","NO"
"01","KABUL","کابل","0111","GULDARA","كلدره","0111","GULDARA","كلدره","NO"
"01","KABUL","کابل","0112","FARZA","فرزه","0112","FARZA","فرزه","NO"
"01","KABUL","کابل","0113","ESTALEF","استالف","0113","ESTALEF","استالف","NO"
"01","KABUL","کابل","0114","QARABAGH","قره باغ","0114","QARABAGH","قره باغ","NO"
"01","KABUL","کابل","0115","SUROBI","سروبى","0115","SUROBI","سروبى","NO"
"02","KAPISA","کاپیسا","0201","MAHMUD-E- RAQI","محمود راقى","0201","MAHMUD-E- RAQI","محمود راقى","YES"
"02","KAPISA","کاپیسا","0202","HISA-E- DUWUM-E- KOHESTAN","حصه دوم كوهستان","0202","HISA-E- DUWUM-E- KOHESTAN","حصه دوم كوهستان","NO"
"02","KAPISA","کاپیسا","0203","KOHBAND","كوه بند","0203","KOHBAND","كوه بند","NO"
"02","KAPISA","کاپیسا","0204","HISA-E- AWAL-E- KOHESTAN","حصه اول كوهستان","0204","HISA-E- AWAL-E- KOHESTAN","حصه اول كوهستان","NO"
"02","KAPISA","کاپیسا","0205","NEJRAB","نجراب","0205","NEJRAB","نجراب","NO"
"02","KAPISA","کاپیسا","0206","TAGAB","تكاب","0206","TAGAB","تكاب","NO"
"02","KAPISA","کاپیسا","0207","ALASAY","اله ساى","0207","ALASAY","اله ساى","NO"
"03","PARWAN","پروان","0301","CHARIKAR","جاريكار","0301","CHARIKAR","جاريكار","YES"
"03","PARWAN","پروان","0302","BAGRAM","بكرام","0302","BAGRAM","بكرام","NO"
"03","PARWAN","پروان","0303","SHINWARI","شينوارى","0303","SHINWARI","شينوارى","NO"
"03","PARWAN","پروان","0304","SAYDKHEL","سشدخلل","0304","SAYDKHEL","سشدخلل","NO"
"03","PARWAN","پروان","0305","JABALUSSARAJ","جبل السراج","0305","JABALUSSARAJ","جبل السراج","NO"
"03","PARWAN","پروان","0306","SALANG","سالنكة","0306","SALANG","سالنكة","NO"
"03","PARWAN","پروان","0307","SYAHGIRDI GHORBAND","سياه كرد غوربند","0307","SYAHGIRDI GHORBAND","سياه كرد غوربند","NO"
"03","PARWAN","پروان","0308","KOH-E- SAFI","كوه صافى","0308","KOH-E- SAFI","كوه صافى","NO"
"03","PARWAN","پروان","0309","SURKH-E- PARSA","سرخ يارسا","0309","SURKH-E- PARSA","سرخ يارسا","NO"
"03","PARWAN","پروان","0310","SHEKHALI","شيخ على","0310","SHEKHALI","شيخ على","NO"
"04","WARDAK","وردک","0401","MAYDANSHAHR","ميدان شهر","0401","MAYDANSHAHR","ميدان شهر","YES"
"04","WARDAK","وردک","0402","NERKH","نرخ","0402","NERKH","نرخ","NO"
"04","WARDAK","وردک","0403","JALREZ","جلريز","0403","JALREZ","جلريز","NO"
"04","WARDAK","وردک","0404","CHAK","جى وردى","0404","CHAK","جى وردى","NO"
"04","WARDAK","وردک","0405","SAYDABAD","سيد اباد","0405","SAYDABAD","سيد اباد","NO"
"04","WARDAK","وردک","0406","DAYMIRDAD","دايميرداد","0406","DAYMIRDAD","دايميرداد","NO"
"04","WARDAK","وردک","0407","HESA-E- AWAL-E- BEHSUD","حصه اول بهسود","0407","HESA-E- AWAL-E- BEHSUD","حصه اول بهسود","NO"
"04","WARDAK","وردک","0408","JAGHATU","جغتو","0408","JAGHATU","جغتو","NO"
"04","WARDAK","وردک","0409","MARKAZ-E-BEHSUD","مركز بهسود","0409","MARKAZ-E-BEHSUD","مركز بهسود","NO"
"05","LOGAR","لوگر","0501","PUL-E- ALAM","يل علم","0501","PUL-E- ALAM","يل علم","YES"
"05","LOGAR","لوگر","0502","BARAKIBARAK","بركىبرك","0502","BARAKIBARAK","بركىبرك","NO"
"05","LOGAR","لوگر","0503","CHARKH","جرخ","0503","CHARKH","جرخ","NO"
"05","LOGAR","لوگر","0504","KHOSHI","خوشى","0504","KHOSHI","خوشى","NO"
"05","LOGAR","لوگر","0505","MOHAMMADAGHA","محمد اغه","0505","MOHAMMADAGHA","محمد اغه","NO"
"05","LOGAR","لوگر","0506","KHARWAR","خروار","0506","KHARWAR","خروار","NO"
"05","LOGAR","لوگر","0507","AZRA","انره","0507","AZRA","انره","NO"
"06","NANGARHAR","ننگرهار","0601","JALALABAD","جلال آباد","0601","JALALABAD","جلال آباد","YES"
"06","NANGARHAR","ننگرهار","0602","BEHSUD","بهسود","0602","BEHSUD","بهسود","NO"
"06","NANGARHAR","ننگرهار","0603","SURKHROD","سرخرود","0603","SURKHROD","سرخرود","NO"
"06","NANGARHAR","ننگرهار","0604","CHAPARHAR","چپرهار","0604","CHAPARHAR","چپرهار","NO"
"06","NANGARHAR","ننگرهار","0605","KAMA","کامه","0605","KAMA","کامه","NO"
"06","NANGARHAR","ننگرهار","0606","KUZKUNAR","کوز کنړ","0606","KUZKUNAR","کوز کنړ","NO"
"06","NANGARHAR","ننگرهار","0607","RODAT","رودات","0607","RODAT","رودات","NO"
"06","NANGARHAR","ننگرهار","0608","KHOGYANI","خوګیاڼي","0608","KHOGYANI","خوګیاڼي","NO"
"06","NANGARHAR","ننگرهار","0609","BATIKOT","بټي کوټ","0609","BATIKOT","بټي کوټ","NO"
"06","NANGARHAR","ننگرهار","0610","DEHBALA","ده دلا","0610","DEHBALA","ده دلا","NO"
"06","NANGARHAR","ننگرهار","0611","PACHIERAGAM","پچیر و اګام","0611","PACHIERAGAM","پچیر و اګام","NO"
"06","NANGARHAR","ننگرهار","0612","DARA-E-NUR","دره نور","0612","DARA-E-NUR","دره نور","NO"
"06","NANGARHAR","ننگرهار","0613","KOT","كوت","0613","KOT","كوت","NO"
"06","NANGARHAR","ننگرهار","0614","GOSHTA","كوشته","0614","GOSHTA","كوشته","NO"
"06","NANGARHAR","ننگرهار","0615","ACHIN","اجين","0615","ACHIN","اجين","NO"
"06","NANGARHAR","ننگرهار","0616","SHINWAR","شینوار","0616","SHINWAR","شینوار","NO"
"06","NANGARHAR","ننگرهار","0617","MUHMAND DARA","مهمند دره","0617","MUHMAND DARA","مهمند دره","NO"
"06","NANGARHAR","ننگرهار","0618","LALPUR","لعل پور","0618","LALPUR","لعل پور","NO"
"06","NANGARHAR","ننگرهار","0619","SHERZAD","شيرزاد","0619","SHERZAD","شيرزاد","NO"
"06","NANGARHAR","ننگرهار","0620","NAZYAN","نازيان","0620","NAZYAN","نازيان","NO"
"06","NANGARHAR","ننگرهار","0621","HESARAK","حصاركا","0621","HESARAK","حصاركا","NO"
"06","NANGARHAR","ننگرهار","0622","DURBABA","در بابا","0622","DURBABA","در بابا","NO"
"07","LAGHMAN","لغمان","0701","MEHTARLAM","مهترلام","0701","MEHTARLAM","مهترلام","YES"
"07","LAGHMAN","لغمان","0702","QARGHAYI","قرغه یي","0702","QARGHAYI","قرغه یي","NO"
"07","LAGHMAN","لغمان","0703","ALISHANG","علیشنګ","0703","ALISHANG","علیشنګ","NO"
"07","LAGHMAN","لغمان","0704","ALINGAR","علشنكار","0704","ALINGAR","علشنكار","NO"
"07","LAGHMAN","لغمان","0705","DAWLATSHAH","دولت شاه","0705","DAWLATSHAH","دولت شاه","NO"
"07","LAGHMAN","لغمان","0706","BADPAKH","باديش","0706","BADPAKH","باديش","NO"
"08","PANJSHIR","پنجشیر","0801","BAZARAK","بازارى","0801","BAZARAK","بازارى","YES"
"08","PANJSHIR","پنجشیر","0802","RUKHA","رخه","0802","RUKHA","رخه","NO"
"08","PANJSHIR","پنجشیر","0803","DARA","دره","0803","DARA","دره","NO"
"08","PANJSHIR","پنجشیر","0804","KHENJ (HES-E- AWAL)","حصه اول خنج","0804","KHENJ (HES-E- AWAL)","حصه اول خنج","NO"
"08","PANJSHIR","پنجشیر","0805","ONABA(ANAWA)","عنابه","0805","ONABA(ANAWA)","عنابه","NO"
"08","PANJSHIR","پنجشیر","0806","SHUTUL","شتل","0806","SHUTUL","شتل","NO"
"08","PANJSHIR","پنجشیر","0807","PARYAN","يريان","0807","PARYAN","يريان","NO"
"08","PANJSHIR","پنجشیر","0808","ABSHAR","آبشار","0808","ABSHAR","آبشار","NO"
"09","BAGHLAN","بغلان","0901","PUL-E- KHUMRI","يلخمرى","0901","PUL-E- KHUMRI","يلخمرى","YES"
"09","BAGHLAN","بغلان","0902","DAHANA-E-GHORI","دهنه غورى","0902","DAHANA-E-GHORI","دهنه غورى","NO"
"09","BAGHLAN","بغلان","0903","DOSHI","لوشى","0903","DOSHI","لوشى","NO"
"09","BAGHLAN","بغلان","0904","NAHRIN","نهرين","0904","NAHRIN","نهرين","NO"
"09","BAGHLAN","بغلان","0905","BAGHLAN-E-JADID","بفلان جديد","0905","BAGHLAN-E-JADID","بفلان جديد","NO"
"09","BAGHLAN","بغلان","0906","KHENJAN","خنجان","0906","KHENJAN","خنجان","NO"
"09","BAGHLAN","بغلان","0907","ANDARAB","اندراب","0907","ANDARAB","اندراب","NO"
"09","BAGHLAN","بغلان","0908","DEHSALAH","ده صلاح","0908","DEHSALAH","ده صلاح","NO"
"09","BAGHLAN","بغلان","0909","KHWAJAHEJRAN","جلگه","0909","KHWAJAHEJRAN","جلگه","NO"
"09","BAGHLAN","بغلان","0910","BURKA","بركه","0910","BURKA","بركه","NO"
"09","BAGHLAN","بغلان","0911","TALA WA BARFAK","تاله و برفد","0911","TALA WA BARFAK","تاله و برفد","NO"
"09","BAGHLAN","بغلان","0912","PUL-E-HESAR","يل حصار","0912","PUL-E-HESAR","يل حصار","NO"
"09","BAGHLAN","بغلان","0913","KHOST WA FERENG","خوست و فرنگ","0913","KHOST WA FERENG","خوست و فرنگ","NO"
"09","BAGHLAN","بغلان","0914","GUZARGAH-E- NUR","كذركاهذور","0914","GUZARGAH-E- NUR","كذركاهذور","NO"
"09","BAGHLAN","بغلان","0915","FERENG WA GHARU","فرنكن و غارو","0915","FERENG WA GHARU","فرنكن و غارو","NO"
"10","BAMIYAN","بامیان","1001","BAMYAN","باميان","1001","BAMYAN","باميان","YES"
"10","BAMIYAN","بامیان","1002","SHIBAR","شیبر","1002","SHIBAR","شیبر","NO"
"10","BAMIYAN","بامیان","1003","SAYGHAN","سيفان","1003","SAYGHAN","سيفان","NO"
"10","BAMIYAN","بامیان","1004","KAHMARD","كهمرد","1004","KAHMARD","كهمرد","NO"
"10","BAMIYAN","بامیان","1005","YAKAWLANG","یکاولنگ","1005","YAKAWLANG","یکاولنگ","NO"
"10","BAMIYAN","بامیان","1006","PANJAB","ينجاب","1006","PANJAB","ينجاب","NO"
"10","BAMIYAN","بامیان","1007","WARAS","ورس","1007","WARAS","ورس","NO"
"11","GHAZNI","غزنی","1101","GHAZNI","غزنى","1101","GHAZNI","غزنى","YES"
"11","GHAZNI","غزنی","1102","WALIMUHAMMAD-E- SHAHID","ولى محمد شهيد","1102","WALIMUHAMMAD-E- SHAHID","ولى محمد شهيد","NO"
"11","GHAZNI","غزنی","1103","KHWAJAUMARI","خواجه عمرى","1103","KHWAJAUMARI","خواجه عمرى","NO"
"11","GHAZNI","غزنی","1104","WAGHAZ","واغظ","1104","WAGHAZ","واغظ","NO"
"11","GHAZNI","غزنی","1105","DEHYAK","ده يى","1105","DEHYAK","ده يى","NO"
"11","GHAZNI","غزنی","1106","JAGHATU","جغتو","1106","JAGHATU","جغتو","NO"
"11","GHAZNI","غزنی","1107","ANDAR","اندر","1107","ANDAR","اندر","NO"
"11","GHAZNI","غزنی","1108","ZANAKHAN","زنخان","1108","ZANAKHAN","زنخان","NO"
"11","GHAZNI","غزنی","1109","RASHIDAN","رشيدان","1109","RASHIDAN","رشيدان","NO"
"11","GHAZNI","غزنی","1110","NAWUR","ناور","1110","NAWUR","ناور","NO"
"11","GHAZNI","غزنی","1111","QARABAGH","قره باغ","1111","QARABAGH","قره باغ","NO"
"11","GHAZNI","غزنی","1112","GIRO","كيرو","1112","GIRO","كيرو","NO"
"11","GHAZNI","غزنی","1113","ABBAND","آب بند","1113","ABBAND","آب بند","NO"
"11","GHAZNI","غزنی","1114","JAGHURI","جاغورى","1114","JAGHURI","جاغورى","NO"
"11","GHAZNI","غزنی","1115","MUQUR","مقر","1115","MUQUR","مقر","NO"
"11","GHAZNI","غزنی","1116","MALESTAN","مالستان","1116","MALESTAN","مالستان","NO"
"11","GHAZNI","غزنی","1117","GELAN","كيلان","1117","GELAN","كيلان","NO"
"11","GHAZNI","غزنی","1118","AJRESTAN","اجرستان","1118","AJRESTAN","اجرستان","NO"
"12","PAKTIKA","پکتیکا","1201","SHARAN","شرن","1201","SHARAN","شرن","YES"
"12","PAKTIKA","پکتیکا","1202","MATAKHAN","مثا خان","1202","MATAKHAN","مثا خان","NO"
"12","PAKTIKA","پکتیکا","1203","YOSUFKHEL","یوسف خیل","1203","YOSUFKHEL","یوسف خیل","NO"
"12","PAKTIKA","پکتیکا","1204","YAHYAKHEL","یحی خیل","1204","YAHYAKHEL","یحی خیل","NO"
"12","PAKTIKA","پکتیکا","1205","SARRAWZAH(SARHAWZAH)","سروضه","1205","SARRAWZAH(SARHAWZAH)","سروضه","NO"
"12","PAKTIKA","پکتیکا","1206","OMNA","اومنه","1206","OMNA","اومنه","NO"
"12","PAKTIKA","پکتیکا","1207","ZARGHUNSHAHR","زرغون شهر","1207","ZARGHUNSHAHR","زرغون شهر","NO"
"12","PAKTIKA","پکتیکا","1208","GOMAL","كومل","1208","GOMAL","كومل","NO"
"12","PAKTIKA","پکتیکا","1209","JANIKHEL","جانى خيل","1209","JANIKHEL","جانى خيل","NO"
"12","PAKTIKA","پکتیکا","1210","SAROBI","سروبى","1210","SAROBI","سروبى","NO"
"12","PAKTIKA","پکتیکا","1211","URGUN","اوركون","1211","URGUN","اوركون","NO"
"12","PAKTIKA","پکتیکا","1212","ZIRUK","زیړوک","1212","ZIRUK","زیړوک","NO"
"12","PAKTIKA","پکتیکا","1213","NAKA","نيكه","1213","NAKA","نيكه","NO"
"12","PAKTIKA","پکتیکا","1214","BERMEL","برمل","1214","BERMEL","برمل","NO"
"12","PAKTIKA","پکتیکا","1215","GYAN","كيان","1215","GYAN","كيان","NO"
"12","PAKTIKA","پکتیکا","1216","DILA","ليله و خوش امند","1216","DILA","ليله و خوش امند","NO"
"12","PAKTIKA","پکتیکا","1217","WAZAKHAH","وازه خواه","1217","WAZAKHAH","وازه خواه","NO"
"12","PAKTIKA","پکتیکا","1218","WORMAMAY","ورممى","1218","WORMAMAY","ورممى","NO"
"12","PAKTIKA","پکتیکا","1219","TURWO (TARWE)","تروو","1219","TURWO (TARWE)","تروو","NO"
"13","PAKTIA","پکتیا","1301","GARDEZ","كرديز","1301","GARDEZ","كرديز","YES"
"13","PAKTIA","پکتیا","1302","AHMADABA","احمد آبا","1302","AHMADABA","احمد آبا","NO"
"13","PAKTIA","پکتیا","1303","ZURMAT","زرمت","1303","ZURMAT","زرمت","NO"
"13","PAKTIA","پکتیا","1304","SHAWAK","شواكت","1304","SHAWAK","شواكت","NO"
"13","PAKTIA","پکتیا","1305","ZADRAN","وزه خدران","1305","ZADRAN","وزه خدران","NO"
"13","PAKTIA","پکتیا","1306","SAYEDKARAM","سید کرم","1306","SAYEDKARAM","سید کرم","NO"
"13","PAKTIA","پکتیا","1307","ALIKHEL (JAJI)","خاخى اريوب","1307","ALIKHEL (JAJI)","خاخى اريوب","NO"
"13","PAKTIA","پکتیا","1308","LIJA AHMAD KHEL","لجه احمد خيل","1308","LIJA AHMAD KHEL","لجه احمد خيل","NO"
"13","PAKTIA","پکتیا","1309","JANIKHEL","جانى خيل","1309","JANIKHEL","جانى خيل","NO"
"13","PAKTIA","پکتیا","1310","CHAMKANI","ثمكنى","1310","CHAMKANI","ثمكنى","NO"
"13","PAKTIA","پکتیا","1311","DAND WA PATAN","وند يقان","1311","DAND WA PATAN","وند يقان","NO"
"13","PAKTIA","پکتیا","1312","LAJA MANGAL","لجه منكل","1312","LAJA MANGAL","لجه منكل","NO"
"13","PAKTIA","پکتیا","1313","MIRZAKA","ميرزكه","1313","MIRZAKA","ميرزكه","NO"
"14","KHOST","خوست","1401","KHOST(MATUN)","خوست","1401","KHOST(MATUN)","خوست","YES"
"14","KHOST","خوست","1402","MANDOZAYI","مندوزى","1402","MANDOZAYI","مندوزى","NO"
"14","KHOST","خوست","1403","GURBUZ","كربز","1403","GURBUZ","كربز","NO"
"14","KHOST","خوست","1404","TANI","تڼي","1404","TANI","تڼي","NO"
"14","KHOST","خوست","1405","MUSAKHEL","موسى خيل","1405","MUSAKHEL","موسى خيل","NO"
"14","KHOST","خوست","1406","NADIRSHAHKOT","نادرشاه كوت","1406","NADIRSHAHKOT","نادرشاه كوت","NO"
"14","KHOST","خوست","1407","SABARI","صبرى","1407","SABARI","صبرى","NO"
"14","KHOST","خوست","1408","TEREZAYI(ALI SHER)","على شير","1408","TEREZAYI(ALI SHER)","على شير","NO"
"14","KHOST","خوست","1409","BAK","بع","1409","BAK","بع","NO"
"14","KHOST","خوست","1410","QALANDAR","قلندر","1410","QALANDAR","قلندر","NO"
"14","KHOST","خوست","1411","SPERA","سپیره","1411","SPERA","سپیره","NO"
"14","KHOST","خوست","1412","SHAMAL","شمل","1412","SHAMAL","شمل","NO"
"14","KHOST","خوست","1413","JAJIMAYDAN","ځاځي میدان","1413","JAJIMAYDAN","ځاځي میدان","NO"
"15","KUNAR","کنرها","1501","ASADABAD","اسعد آباد","1501","ASADABAD","اسعد آباد","YES"
"15","KUNAR","کنرها","1502","MARAWARA","مره وره","1502","MARAWARA","مره وره","NO"
"15","KUNAR","کنرها","1503","WATAPUR","واقه يور","1503","WATAPUR","واقه يور","NO"
"15","KUNAR","کنرها","1504","NARANG","نرنى","1504","NARANG","نرنى","NO"
"15","KUNAR","کنرها","1505","SARKANI","سركاقو","1505","SARKANI","سركاقو","NO"
"15","KUNAR","کنرها","1506","SHIGAL WA SHELTAN","شيكل و شيلتن","1506","SHIGAL WA SHELTAN","شيكل و شيلتن","NO"
"15","KUNAR","کنرها","1507","DARA-E-PECH","دره بيج","1507","DARA-E-PECH","دره بيج","NO"
"15","KUNAR","کنرها","1508","BARKUNAR","بركنر","1508","BARKUNAR","بركنر","NO"
"15","KUNAR","کنرها","1509","CHAWKAY","ثوكى","1509","CHAWKAY","ثوكى","NO"
"15","KUNAR","کنرها","1510","KHASKUNAR","خاص كثر","1510","KHASKUNAR","خاص كثر","NO"
"15","KUNAR","کنرها","1511","GHAZIABAD","غازی آباد","1511","GHAZIABAD","غازی آباد","NO"
"15","KUNAR","کنرها","1512","DANGAM","دانكام","1512","DANGAM","دانكام","NO"
"15","KUNAR","کنرها","1513","CHAPADARA","جيه دره","1513","CHAPADARA","جيه دره","NO"
"15","KUNAR","کنرها","1514","NURGAL","نور كل","1514","NURGAL","نور كل","NO"
"15","KUNAR","کنرها","1515","NARI","لرى","1515","NARI","لرى","NO"
"16","NOORISTAN","نورستان","1601","PORUNS","پارون","1601","PORUNS","پارون","YES"
"16","NOORISTAN","نورستان","1602","WAYGAL","وايكل","1602","WAYGAL","وايكل","NO"
"16","NOORISTAN","نورستان","1603","WAMA","واما","1603","WAMA","واما","NO"
"16","NOORISTAN","نورستان","1604","NURGERAM","نوركرام","1604","NURGERAM","نوركرام","NO"
"16","NOORISTAN","نورستان","1605","DUAB","دو اب","1605","DUAB","دو اب","NO"
"16","NOORISTAN","نورستان","1606","KAMDESH","كامديش","1606","KAMDESH","كامديش","NO"
"16","NOORISTAN","نورستان","1607","MANDOL","منډول","1607","MANDOL","منډول","NO"
"16","NOORISTAN","نورستان","1608","BARG-E- MATAL","بركن منال","1608","BARG-E- MATAL","بركن منال","NO"
"17","BADAKHSHAN","بدخشان","1701","FAYZABAD","فیض آباد","1701","FAYZABAD","فیض آباد","YES"
"17","BADAKHSHAN","بدخشان","1702","ARGO","اركو","1702","ARGO","اركو","NO"
"17","BADAKHSHAN","بدخشان","1703","ARGHANJKHWA","ارغنجخواه","1703","ARGHANJKHWA","ارغنجخواه","NO"
"17","BADAKHSHAN","بدخشان","1704","YAFTAL-E-SUFLA","یفتل سفلا","1704","YAFTAL-E-SUFLA","یفتل سفلا","NO"
"17","BADAKHSHAN","بدخشان","1705","KHASH","خاش","1705","KHASH","خاش","NO"
"17","BADAKHSHAN","بدخشان","1706","BAHARAK","بهارى","1706","BAHARAK","بهارى","NO"
"17","BADAKHSHAN","بدخشان","1707","DARAYEM","درايم","1707","DARAYEM","درايم","NO"
"17","BADAKHSHAN","بدخشان","1708","KOHESTAN","كوهستان","1708","KOHESTAN","كوهستان","NO"
"17","BADAKHSHAN","بدخشان","1709","YAWAN","ياوان","1709","YAWAN","ياوان","NO"
"17","BADAKHSHAN","بدخشان","1710","JORM","جرم","1710","JORM","جرم","NO"
"17","BADAKHSHAN","بدخشان","1711","TESHKAN","تشكان","1711","TESHKAN","تشكان","NO"
"17","BADAKHSHAN","بدخشان","1712","SHUHADA","شهدا","1712","SHUHADA","شهدا","NO"
"17","BADAKHSHAN","بدخشان","1713","SHAHR-E-BUZORG","شهر بزرگ","1713","SHAHR-E-BUZORG","شهر بزرگ","NO"
"17","BADAKHSHAN","بدخشان","1714","RAGHESTAN","راغستان","1714","RAGHESTAN","راغستان","NO"
"17","BADAKHSHAN","بدخشان","1715","KESHEM","كشم","1715","KESHEM","كشم","NO"
"17","BADAKHSHAN","بدخشان","1716","WARDUJ","وردوج","1716","WARDUJ","وردوج","NO"
"17","BADAKHSHAN","بدخشان","1717","TAGAB","تگاب","1717","TAGAB","تگاب","NO"
"17","BADAKHSHAN","بدخشان","1718","YAMGAN","يمكان","1718","YAMGAN","يمكان","NO"
"17","BADAKHSHAN","بدخشان","1719","SHIGHNAN","شغنان","1719","SHIGHNAN","شغنان","NO"
"17","BADAKHSHAN","بدخشان","1720","KHWAHAN","خواهان","1720","KHWAHAN","خواهان","NO"
"17","BADAKHSHAN","بدخشان","1721","KOFAB","کوف آب","1721","KOFAB","کوف آب","NO"
"17","BADAKHSHAN","بدخشان","1722","DARWAZ","برواز بانين (مايمى)","1722","DARWAZ","برواز بانين (مايمى)","NO"
"17","BADAKHSHAN","بدخشان","1723","ESHKMESH","اشكاشم","1723","ESHKMESH","اشكاشم","NO"
"17","BADAKHSHAN","بدخشان","1724","SHAKI","شش","1724","SHAKI","شش","NO"
"17","BADAKHSHAN","بدخشان","1725","ZEBAK","زيباكن","1725","ZEBAK","زيباكن","NO"
"17","BADAKHSHAN","بدخشان","1726","KORAN WA MONJAN","كران و منجان","1726","KORAN WA MONJAN","كران و منجان","NO"
"17","BADAKHSHAN","بدخشان","1727","DARWAZ-E-BALLA","برواز بالا (نسى)","1727","DARWAZ-E-BALLA","برواز بالا (نسى)","NO"
"17","BADAKHSHAN","بدخشان","1728","WAKHAN","واخان","1728","WAKHAN","واخان","NO"
"18","TAKHAR","تخار","1801","TALOQAN","تالقان","1801","TALOQAN","تالقان","YES"
"18","TAKHAR","تخار","1802","HAZARSUMUCH","هزارسموج","1802","HAZARSUMUCH","هزارسموج","NO"
"18","TAKHAR","تخار","1803","BAHARAK","بهارى","1803","BAHARAK","بهارى","NO"
"18","TAKHAR","تخار","1804","BANGI","بنكى","1804","BANGI","بنكى","NO"
"18","TAKHAR","تخار","1805","CHAL","جال","1805","CHAL","جال","NO"
"18","TAKHAR","تخار","1806","NAMAKAB","نمک آب","1806","NAMAKAB","نمک آب","NO"
"18","TAKHAR","تخار","1807","KALAFGAN","كلفكان","1807","KALAFGAN","كلفكان","NO"
"18","TAKHAR","تخار","1808","FARKHAR","فرخار","1808","FARKHAR","فرخار","NO"
"18","TAKHAR","تخار","1809","KHWAJAGHAR","خواجه غار","1809","KHWAJAGHAR","خواجه غار","NO"
"18","TAKHAR","تخار","1810","ROSTAQ","رستاق","1810","ROSTAQ","رستاق","NO"
"18","TAKHAR","تخار","1811","ESHKASHEM","اشكمش","1811","ESHKASHEM","اشكمش","NO"
"18","TAKHAR","تخار","1812","DASHT-E- QALA","دشت قلعه","1812","DASHT-E- QALA","دشت قلعه","NO"
"18","TAKHAR","تخار","1813","WARSAJ","ورسج","1813","WARSAJ","ورسج","NO"
"18","TAKHAR","تخار","1814","KHWAJABAHAWUDDIN","خواجه بهاوالدين","1814","KHWAJABAHAWUDDIN","خواجه بهاوالدين","NO"
"18","TAKHAR","تخار","1815","DARQAD","درقد","1815","DARQAD","درقد","NO"
"18","TAKHAR","تخار","1816","CHAHAB","چا آب","1816","CHAHAB","چا آب","NO"
"18","TAKHAR","تخار","1817","YANGI QALA","ينكى قلعه","1817","YANGI QALA","ينكى قلعه","NO"
"19","KUNDUZ","کندز","1901","KUNDUZ","كندز","1901","KUNDUZ","كندز","YES"
"19","KUNDUZ","کندز","1902","CHARDARAH","جاردره","1902","CHARDARAH","جاردره","NO"
"19","KUNDUZ","کندز","1903","ALIABAD","علی آباد","1903","ALIABAD","علی آباد","NO"
"19","KUNDUZ","کندز","1904","KHANABAD","خان آباد","1904","KHANABAD","خان آباد","NO"
"19","KUNDUZ","کندز","1905","EMAMSAHEB","حضرت امام صاحب","1905","EMAMSAHEB","حضرت امام صاحب","NO"
"19","KUNDUZ","کندز","1906","DASHT-E-ARCHI","دشت ارجى","1906","DASHT-E-ARCHI","دشت ارجى","NO"
"19","KUNDUZ","کندز","1907","QALA-E-ZAL","قلعه ذال","1907","QALA-E-ZAL","قلعه ذال","NO"
"20","SAMANGAN","سمنگان","2001","AYBAK","ايبكط","2001","AYBAK","ايبكط","YES"
"20","SAMANGAN","سمنگان","2002","HAZRAT-E- SULTAN","حضرت سلطان","2002","HAZRAT-E- SULTAN","حضرت سلطان","NO"
"20","SAMANGAN","سمنگان","2003","KHURAM WA SARBAGH","خرم و سارباغ","2003","KHURAM WA SARBAGH","خرم و سارباغ","NO"
"20","SAMANGAN","سمنگان","2004","FEROZNAKHCHIR","فيروز نخجير","2004","FEROZNAKHCHIR","فيروز نخجير","NO"
"20","SAMANGAN","سمنگان","2005","RUY-E-DUAB","روی دوآب","2005","RUY-E-DUAB","روی دوآب","NO"
"20","SAMANGAN","سمنگان","2006","DARA-E- SUF-E- PAYIN","دره صوف يائين","2006","DARA-E- SUF-E- PAYIN","دره صوف يائين","NO"
"20","SAMANGAN","سمنگان","2007","DARA-E SUF-E-BALA","دره صوف بالا","2007","DARA-E SUF-E-BALA","دره صوف بالا","NO"
"21","BALKH","بلخ","2101","MAZAR-E-SHARIF","مزار شريف","2101","MAZAR-E-SHARIF","مزار شريف","YES"
"21","BALKH","بلخ","2102","NAHR-E- SHAHI","نهر شاهى","2102","NAHR-E- SHAHI","نهر شاهى","NO"
"21","BALKH","بلخ","2103","DEHDADI","دهدادى","2103","DEHDADI","دهدادى","NO"
"21","BALKH","بلخ","2104","CHARKENT","جاركنت","2104","CHARKENT","جاركنت","NO"
"21","BALKH","بلخ","2105","MARMUL","مارمل","2105","MARMUL","مارمل","NO"
"21","BALKH","بلخ","2106","BALKH","بلخ","2106","BALKH","بلخ","NO"
"21","BALKH","بلخ","2107","SHOLGAREH","شولكره","2107","SHOLGAREH","شولكره","NO"
"21","BALKH","بلخ","2108","CHEMTAL","جمتال","2108","CHEMTAL","جمتال","NO"
"21","BALKH","بلخ","2109","DAWLATABAD","دولت أباد","2109","DAWLATABAD","دولت أباد","NO"
"21","BALKH","بلخ","2110","KHULM","خلم","2110","KHULM","خلم","NO"
"21","BALKH","بلخ","2111","CHARBULAK","جار بولد","2111","CHARBULAK","جار بولد","NO"
"21","BALKH","بلخ","2112","SHORTEPA","شور تیپه","2112","SHORTEPA","شور تیپه","NO"
"21","BALKH","بلخ","2113","KALDAR","كلدار","2113","KALDAR","كلدار","NO"
"21","BALKH","بلخ","2114","KESHENDEH","كشنده","2114","KESHENDEH","كشنده","NO"
"21","BALKH","بلخ","2115","ZARI","زارى","2115","ZARI","زارى","NO"
"22","SAR-I-PUL","سرپل","2201","SAR-E-PUL","سريل","2201","SAR-E-PUL","سريل","YES"
"22","SAR-I-PUL","سرپل","2202","SAYAD","صياد","2202","SAYAD","صياد","NO"
"22","SAR-I-PUL","سرپل","2203","KOHESTANAT","كوهستانات","2203","KOHESTANAT","كوهستانات","NO"
"22","SAR-I-PUL","سرپل","2204","SOZMAQALA","سوزمه قلعه","2204","SOZMAQALA","سوزمه قلعه","NO"
"22","SAR-I-PUL","سرپل","2205","SANCHARAK(SANGCHARK)","سنى جارى","2205","SANCHARAK(SANGCHARK)","سنى جارى","NO"
"22","SAR-I-PUL","سرپل","2206","GOSFANDI","گوسفندی","2206","GOSFANDI","گوسفندی","NO"
"22","SAR-I-PUL","سرپل","2207","BALKHAB","بلخآب","2207","BALKHAB","بلخآب","NO"
"23","GHOR","غور","2301","CHAGHCHARAN","چغچران","2301","CHAGHCHARAN","چغچران","YES"
"23","GHOR","غور","2302","DOLAYNA","دولينه","2302","DOLAYNA","دولينه","NO"
"23","GHOR","غور","2303","DAWLATYAR","دولت يار","2303","DAWLATYAR","دولت يار","NO"
"23","GHOR","غور","2304","CHARSADRA","جار صده","2304","CHARSADRA","جار صده","NO"
"23","GHOR","غور","2305","PASABAND","پسابند","2305","PASABAND","پسابند","NO"
"23","GHOR","غور","2306","SHAHRAK","شهرک","2306","SHAHRAK","شهرک","NO"
"23","GHOR","غور","2307","LAL WA SARJANGAL","لعل و سرجنكل","2307","LAL WA SARJANGAL","لعل و سرجنكل","NO"
"23","GHOR","غور","2308","TAYWARAH","تيوره","2308","TAYWARAH","تيوره","NO"
"23","GHOR","غور","2309","TOLAK","تولى","2309","TOLAK","تولى","NO"
"23","GHOR","غور","2310","SAGHAR","ساغر","2310","SAGHAR","ساغر","NO"
"24","DAIKUNDI","دایکندی","2401","NILI","نيلى","2401","NILI","نيلى","YES"
"24","DAIKUNDI","دایکندی","2402","SHAHRESTAN","شهرستان","2402","SHAHRESTAN","شهرستان","NO"
"24","DAIKUNDI","دایکندی","2403","GIZAB","كيزاب","2403","GIZAB","كيزاب","NO"
"24","DAIKUNDI","دایکندی","2404","ASHTARLAY","اشترلى","2404","ASHTARLAY","اشترلى","NO"
"24","DAIKUNDI","دایکندی","2405","KHADIR","خدير","2405","KHADIR","خدير","NO"
"24","DAIKUNDI","دایکندی","2406","KITI","کیتی","2406","KITI","کیتی","NO"
"24","DAIKUNDI","دایکندی","2407","MIRAMOR","ميرامور","2407","MIRAMOR","ميرامور","NO"
"24","DAIKUNDI","دایکندی","2408","SANG-E-TAKHT","سنگ تخت","2408","SANG-E-TAKHT","سنگ تخت","NO"
"24","DAIKUNDI","دایکندی","2409","KAJRAN","كجران","2409","KAJRAN","كجران","NO"
"25","UROZGAN","ارزگان","2501","TIRINKOT","ترينكوت","2501","TIRINKOT","ترينكوت","YES"
"25","UROZGAN","ارزگان","2502","DEHRAWUD","دهراود","2502","DEHRAWUD","دهراود","NO"
"25","UROZGAN","ارزگان","2503","CHORA","چوره","2503","CHORA","چوره","NO"
"25","UROZGAN","ارزگان","2504","SHAHID-E-HASSAS","شهید حساس","2504","SHAHID-E-HASSAS","شهید حساس","NO"
"25","UROZGAN","ارزگان","2505","KHASURUZGAN","خاص ارزكان","2505","KHASURUZGAN","خاص ارزكان","NO"
"25","UROZGAN","ارزگان","2506","CHENARTO","جنارتو","2506","CHENARTO","جنارتو","NO"
"26","ZABUL","زابل","2601","QALAT","قلات","2601","QALAT","قلات","YES"
"26","ZABUL","زابل","2602","TARNAK WA JALDAK","ترنک و جلدک","2602","TARNAK WA JALDAK","ترنک و جلدک","NO"
"26","ZABUL","زابل","2603","SHINKAY","شینکې","2603","SHINKAY","شینکې","NO"
"26","ZABUL","زابل","2604","MIZAN","ميزان","2604","MIZAN","ميزان","NO"
"26","ZABUL","زابل","2605","ARGHANDAB","ارغنداب","2605","ARGHANDAB","ارغنداب","NO"
"26","ZABUL","زابل","2606","SHAHJOY","شاه جوى","2606","SHAHJOY","شاه جوى","NO"
"26","ZABUL","زابل","2607","DAYCHOPAN","دایچوپان","2607","DAYCHOPAN","دایچوپان","NO"
"26","ZABUL","زابل","2608","ATGHAR","اتفر","2608","ATGHAR","اتفر","NO"
"26","ZABUL","زابل","2609","NAWBAHAR","نوبهار","2609","NAWBAHAR","نوبهار","NO"
"26","ZABUL","زابل","2610","SHOMULZAY","شملزائی","2610","SHOMULZAY","شملزائی","NO"
"27","KANDAHAR","کندهار","2701","KANDAHAR","كند هار","2701","KANDAHAR","كند هار","YES"
"27","KANDAHAR","کندهار","2702","ARGHANDAB","ارغنداب","2702","ARGHANDAB","ارغنداب","NO"
"27","KANDAHAR","کندهار","2703","DAMAN","دامان","2703","DAMAN","دامان","NO"
"27","KANDAHAR","کندهار","2704","PANJWAYI","پنجوایې","2704","PANJWAYI","پنجوایې","NO"
"27","KANDAHAR","کندهار","2705","ZHERAY","ژیړی","2705","ZHERAY","ژیړی","NO"
"27","KANDAHAR","کندهار","2706","SHAHWALIKOT","شاه ولى كوت","2706","SHAHWALIKOT","شاه ولى كوت","NO"
"27","KANDAHAR","کندهار","2707","KHAKREZ","خاكدريز","2707","KHAKREZ","خاكدريز","NO"
"27","KANDAHAR","کندهار","2708","ARGHESTAN","ارغستان","2708","ARGHESTAN","ارغستان","NO"
"27","KANDAHAR","کندهار","2709","GHORAK","غورك","2709","GHORAK","غورك","NO"
"27","KANDAHAR","کندهار","2710","MAYWAND","ميوند","2710","MAYWAND","ميوند","NO"
"27","KANDAHAR","کندهار","2711","SPINBOLDAK","سپین بولدک","2711","SPINBOLDAK","سپین بولدک","NO"
"27","KANDAHAR","کندهار","2712","NESH","نيش","2712","NESH","نيش","NO"
"27","KANDAHAR","کندهار","2713","MIYANSHIN","ميانشين","2713","MIYANSHIN","ميانشين","NO"
"27","KANDAHAR","کندهار","2714","SHORABAK","شورابك","2714","SHORABAK","شورابك","NO"
"27","KANDAHAR","کندهار","2715","MARUF","معروف","2715","MARUF","معروف","NO"
"27","KANDAHAR","کندهار","2716","REG","ريى","2716","REG","ريى","NO"
"27","KANDAHAR","کندهار","2717","DAND","وند","2717","DAND","وند","NO"
"27","KANDAHAR","کندهار","2718","TAKHTA PUL","تخته يل","2718","TAKHTA PUL","تخته يل","NO"
"28","JOWZJAN","جوزجان","2801","SHIBERGHAN","شبرغان","2801","SHIBERGHAN","شبرغان","YES"
"28","JOWZJAN","جوزجان","2802","KHWAJADUKOH","خواجه دوكوه","2802","KHWAJADUKOH","خواجه دوكوه","NO"
"28","JOWZJAN","جوزجان","2803","KHANAQA","خانقاه","2803","KHANAQA","خانقاه","NO"
"28","JOWZJAN","جوزجان","2804","MINGAJIK","منكجيكت","2804","MINGAJIK","منكجيكت","NO"
"28","JOWZJAN","جوزجان","2805","QUSHTEPA","قوش تیپه","2805","QUSHTEPA","قوش تیپه","NO"
"28","JOWZJAN","جوزجان","2806","KHAMYAB","خم آب","2806","KHAMYAB","خم آب","NO"
"28","JOWZJAN","جوزجان","2807","AQCHA","آقچه","2807","AQCHA","آقچه","NO"
"28","JOWZJAN","جوزجان","2808","FAYZABAD","فیض آباد","2808","FAYZABAD","فیض آباد","NO"
"28","JOWZJAN","جوزجان","2809","MARDYAN","مرديان","2809","MARDYAN","مرديان","NO"
"28","JOWZJAN","جوزجان","2810","QARQIN","قرقین","2810","QARQIN","قرقین","NO"
"28","JOWZJAN","جوزجان","2811","DARZAB","درز آب","2811","DARZAB","درز آب","NO"
"29","FARYAB","فاریاب","2901","MAYMANA","مشمنه","2901","MAYMANA","مشمنه","YES"
"29","FARYAB","فاریاب","2902","PASHTUNKOT","پشتون کوت","2902","PASHTUNKOT","پشتون کوت","NO"
"29","FARYAB","فاریاب","2903","KHWAJASABZPOSH","خواجه سبز يوش ولى","2903","KHWAJASABZPOSH","خواجه سبز يوش ولى","NO"
"29","FARYAB","فاریاب","2904","ALMAR","المار","2904","ALMAR","المار","NO"
"29","FARYAB","فاریاب","2905","BILCHERAGH","بل چراغ","2905","BILCHERAGH","بل چراغ","NO"
"29","FARYAB","فاریاب","2906","SHIRINTAGAB","شيرين تكاب","2906","SHIRINTAGAB","شيرين تكاب","NO"
"29","FARYAB","فاریاب","2907","QAYSAR","قیصار","2907","QAYSAR","قیصار","NO"
"29","FARYAB","فاریاب","2908","GARZIWAN","كرزيوان","2908","GARZIWAN","كرزيوان","NO"
"29","FARYAB","فاریاب","2909","DAWLATABAD","دولت آباد","2909","DAWLATABAD","دولت آباد","NO"
"29","FARYAB","فاریاب","2910","KOHESTAN","كوهستان","2910","KOHESTAN","كوهستان","NO"
"29","FARYAB","فاریاب","2911","QARAMQOL","قرم قل","2911","QARAMQOL","قرم قل","NO"
"29","FARYAB","فاریاب","2912","QORGHAN","قرغان","2912","QORGHAN","قرغان","NO"
"29","FARYAB","فاریاب","2913","ANDKHOY","اندخوى","2913","ANDKHOY","اندخوى","NO"
"29","FARYAB","فاریاب","2914","KHAN-E-CHAR BAGH","خان جار باغ","2914","KHAN-E-CHAR BAGH","خان جار باغ","NO"
"30","HELMAND","هلمند","3001","LASHKARGAH","لشكركاه","3001","LASHKARGAH","لشكركاه","YES"
"30","HELMAND","هلمند","3002","NAD-E-ALI","نادعلى","3002","NAD-E-ALI","نادعلى","NO"
"30","HELMAND","هلمند","3003","NAWA-E-BARAKZAIY","ناوه باركزايى","3003","NAWA-E-BARAKZAIY","ناوه باركزايى","NO"
"30","HELMAND","هلمند","3004","NAHR-E-SARAJ","نهرسراج","3004","NAHR-E-SARAJ","نهرسراج","NO"
"30","HELMAND","هلمند","3005","WASHER","واشير","3005","WASHER","واشير","NO"
"30","HELMAND","هلمند","3006","GARMSER","كرم سير","3006","GARMSER","كرم سير","NO"
"30","HELMAND","هلمند","3007","NAWZAD","نوزاد","3007","NAWZAD","نوزاد","NO"
"30","HELMAND","هلمند","3008","SANGIN","سنگین قلعه","3008","SANGIN","سنگین قلعه","NO"
"30","HELMAND","هلمند","3009","MUSAQALAH","موسى قلعه","3009","MUSAQALAH","موسى قلعه","NO"
"30","HELMAND","هلمند","3010","KAJAKI","كجكى","3010","KAJAKI","كجكى","NO"
"30","HELMAND","هلمند","3011","REG","ریگ خانشین","3011","REG","ریگ خانشین","NO"
"30","HELMAND","هلمند","3014","MARJAH","مارجه","3014","MARJAH","مارجه","NO"
"31","BADGHIS","بادغیس","3101","QALA-E-NAW","قلعه نو","3101","QALA-E-NAW","قلعه نو","YES"
"31","BADGHIS","بادغیس","3102","ABKAMARI","آبکمری","3102","ABKAMARI","آبکمری","NO"
"31","BADGHIS","بادغیس","3103","MUQUR","مقر","3103","MUQUR","مقر","NO"
"31","BADGHIS","بادغیس","3104","QADIS","قادس","3104","QADIS","قادس","NO"
"31","BADGHIS","بادغیس","3105","BALAMURGHAB","بالا مرغاب","3105","BALAMURGHAB","بالا مرغاب","NO"
"31","BADGHIS","بادغیس","3106","JAWAND","جوند","3106","JAWAND","جوند","NO"
"31","BADGHIS","بادغیس","3107","GHORMACH","غورماج","3107","GHORMACH","غورماج","NO"
"32","HERAT","هرات","3201","HERAT","هرات","3201","HERAT","هرات","YES"
"32","HERAT","هرات","3202","INJIL","انجيل","3202","INJIL","انجيل","NO"
"32","HERAT","هرات","3203","GUZARA","كنره","3203","GUZARA","كنره","NO"
"32","HERAT","هرات","3204","KARUKH","كرخ","3204","KARUKH","كرخ","NO"
"32","HERAT","هرات","3205","ZINDAJAN","زنده جان","3205","ZINDAJAN","زنده جان","NO"
"32","HERAT","هرات","3206","PASHTUNZARGHUN","پشتون زرغون","3206","PASHTUNZARGHUN","پشتون زرغون","NO"
"32","HERAT","هرات","3207","KUSHK","كشكن (رباط سنكى)","3207","KUSHK","كشكن (رباط سنكى)","NO"
"32","HERAT","هرات","3208","GULRAN","گلران","3208","GULRAN","گلران","NO"
"32","HERAT","هرات","3209","ADRASKAN","ادرسكن","3209","ADRASKAN","ادرسكن","NO"
"32","HERAT","هرات","3210","KUSHK-E-KOHNA","کشک کهنه","3210","KUSHK-E-KOHNA","کشک کهنه","NO"
"32","HERAT","هرات","3211","GHORYAN","غوريان","3211","GHORYAN","غوريان","NO"
"32","HERAT","هرات","3212","OBE","اوبه","3212","OBE","اوبه","NO"
"32","HERAT","هرات","3213","KOHSAN","كهسان","3213","KOHSAN","كهسان","NO"
"32","HERAT","هرات","3214","SHINDAND","شیندند","3214","SHINDAND","شیندند","NO"
"32","HERAT","هرات","3215","FARSI","فرسی","3215","FARSI","فرسی","NO"
"32","HERAT","هرات","3216","CHISHT-E-SHARIF","چشت شریف","3216","CHISHT-E-SHARIF","چشت شریف","NO"
"33","FARAH","فراه","3301","FARAH","فراه","3301","FARAH","فراه","YES"
"33","FARAH","فراه","3302","PUSHTROD","يشت رود","3302","PUSHTROD","يشت رود","NO"
"33","FARAH","فراه","3303","KHAK-E-SAFED","خاک سفید","3303","KHAK-E-SAFED","خاک سفید","NO"
"33","FARAH","فراه","3304","QALA-E-KAH","ةا٠ك ك١ه","3304","QALA-E-KAH","ةا٠ك ك١ه","NO"
"33","FARAH","فراه","3305","SHIBKOH","شیب کوه","3305","SHIBKOH","شیب کوه","NO"
"33","FARAH","فراه","3306","BALABULUK","بالا بلوى","3306","BALABULUK","بالا بلوى","NO"
"33","FARAH","فراه","3307","ANARDARA","انار دره","3307","ANARDARA","انار دره","NO"
"33","FARAH","فراه","3308","BAKWA","بكواه","3308","BAKWA","بكواه","NO"
"33","FARAH","فراه","3309","LASH-E-JUWAYN","لاش جوين","3309","LASH-E-JUWAYN","لاش جوين","NO"
"33","FARAH","فراه","3310","GULESTAN","كلستان","3310","GULESTAN","كلستان","NO"
"33","FARAH","فراه","3311","PURCHAMAN","پرچمن","3311","PURCHAMAN","پرچمن","NO"
"34","NIMROZ","نیمروز","3401","ZARANJ","زرنج","3401","ZARANJ","زرنج","YES"
"34","NIMROZ","نیمروز","3402","KANG","كند","3402","KANG","كند","NO"
"34","NIMROZ","نیمروز","3403","CHAKHANSUR","اصل جغانسور","3403","CHAKHANSUR","اصل جغانسور","NO"
"34","NIMROZ","نیمروز","3404","CHARBURJAK","جهار برجكا","3404","CHARBURJAK","جهار برجكا","NO"
"34","NIMROZ","نیمروز","3405","KHASHROD","خاشرود","3405","KHASHROD","خاشرود","NO"
"34","NIMROZ","نیمروز","3406","DELARAM","دلارام","3406","DELARAM","دلارام","NO"
